training/actor/actor_loss,training/actor/bc_log_prob,training/actor/bc_loss,training/actor/mse,training/actor/q_abs_mean,training/actor/q_loss,training/actor/q_mean,training/actor/std,training/critic/binary_accuracy,training/critic/categorical_accuracy,training/critic/contrastive_loss,training/critic/logits,training/critic/logits_neg,training/critic/logits_pos,training/critic/v_max,training/critic/v_mean,training/critic/v_min,training/grad/max,training/grad/min,training/grad/norm,training/rep/critic_loss,training/rep/q_max,training/rep/q_mean,training/rep/q_min,training/rep/v_max,training/rep/v_mean,training/rep/v_min,training/rep/value_loss,validation/actor/actor_loss,validation/actor/bc_log_prob,validation/actor/bc_loss,validation/actor/mse,validation/actor/q_abs_mean,validation/actor/q_loss,validation/actor/q_mean,validation/actor/std,validation/critic/binary_accuracy,validation/critic/categorical_accuracy,validation/critic/contrastive_loss,validation/critic/logits,validation/critic/logits_neg,validation/critic/logits_pos,validation/critic/v_max,validation/critic/v_mean,validation/critic/v_min,validation/rep/critic_loss,validation/rep/q_max,validation/rep/q_mean,validation/rep/q_min,validation/rep/v_max,validation/rep/v_mean,validation/rep/v_min,validation/rep/value_loss,step
1.7584519,-7.7713013,0.7771301,0.10494833,5.735317,0.98132175,-5.628193,1.0,0.99906826,0.17382812,0.0050261384,-10.161808,-10.167807,-4.0257773,17.768303,0.2663396,2.62749e-06,3.5673587,-4.183088,95.897964,4.0046444,1.0564127,-30.317753,-69.14944,2.6685739,-30.00655,-68.86941,1.0050399,1.773431,-7.8089123,0.78089124,0.11435104,5.968302,0.9925397,-5.9237776,1.0,0.9988308,0.0859375,0.0058134757,-9.842384,-9.847749,-4.3526525,38.119205,0.20607841,1.8957055e-06,4.32849,0.7259073,-29.412312,-70.76698,2.157797,-29.177748,-71.139465,1.0634136,30000
1.7551098,-7.7394667,0.7739467,0.096989736,6.005663,0.98116314,-5.892536,1.0,0.99906635,0.20703125,0.004846535,-10.422503,-10.428834,-3.947659,19.981289,0.266928,6.5947296e-07,8.180243,-4.9616346,108.89445,3.5963573,1.3474255,-35.106964,-83.52091,2.0398362,-34.899807,-83.299385,0.7633454,1.7608576,-7.7719374,0.7771937,0.105107285,6.312254,0.98366386,-6.209137,1.0,0.99860287,0.10546875,0.0061697373,-10.280443,-10.286241,-4.3501053,237.68274,0.6449969,1.4198544e-06,3.7611253,0.5364331,-33.900475,-84.75977,2.395268,-33.612263,-84.63531,0.92923045,60000
1.7424757,-7.726475,0.7726475,0.09374173,5.798703,0.9698282,-5.623747,1.0,0.99907017,0.22949219,0.0047624167,-10.723897,-10.7307625,-3.6996107,183.79999,0.5847275,5.239629e-06,18.240625,-14.916451,159.29842,3.9162085,0.33866477,-36.036057,-90.17066,2.0283146,-35.717396,-90.19061,0.96309114,1.7688732,-7.7817535,0.77817535,0.10756128,6.5951824,0.9906978,-6.5338335,1.0,0.9988661,0.09667969,0.0058698514,-10.294494,-10.300191,-4.466294,263.43906,0.47751313,3.4169312e-07,5.059993,2.6048665,-35.940575,-89.11451,3.389821,-35.716022,-88.18611,1.1581036,90000
1.7508376,-7.7209415,0.77209413,0.092358276,6.0426583,0.9787435,-5.914213,1.0,0.9990711,0.22363281,0.0048588105,-10.825724,-10.832514,-3.879088,44.949745,0.37741375,2.9248047e-06,3.3347988,-4.449631,97.39488,3.5812895,1.0779364,-36.339027,-94.399284,2.6251726,-36.146133,-94.345406,0.92880327,1.7723076,-7.76033,0.77603304,0.10220555,6.7735744,0.99627453,-6.7483406,1.0,0.9988327,0.095703125,0.0058436794,-10.478348,-10.484175,-4.5177345,39.679752,0.20089948,5.7248646e-09,4.0126057,1.2170281,-35.906296,-90.34989,3.107664,-35.746758,-90.00167,1.0786964,120000
1.7406594,-7.7083387,0.77083385,0.08920768,5.8692427,0.9698255,-5.6921425,1.0,0.99907684,0.25683594,0.004752595,-11.006308,-11.013466,-3.6837783,92.5707,0.6352378,8.699624e-07,5.9053726,-7.0698576,122.0703,3.9212537,0.795792,-36.61413,-92.02059,2.255423,-36.49126,-91.94214,0.85658926,1.7714145,-7.7556305,0.77556306,0.1010306,6.7093496,0.9958515,-6.681517,1.0,0.9989424,0.10449219,0.0058708754,-10.660403,-10.666355,-4.5716286,34.267906,0.21992493,1.5312753e-09,4.3380423,2.0936637,-37.968315,-91.34496,3.2770915,-37.757317,-91.258026,1.1522651,150000
1.7407701,-7.7022133,0.77022135,0.087676264,5.6513634,0.97054875,-5.4849243,1.0,0.99906254,0.2734375,0.004445037,-11.411271,-11.419121,-3.3806849,588.37115,1.0236248,2.4287818e-08,5.8708763,-5.484335,109.599884,3.621347,1.0575061,-39.198288,-93.975624,2.3500614,-39.025425,-94.80063,0.8132323,1.7755027,-7.786092,0.77860916,0.10864586,6.6732664,0.9968935,-6.652537,1.0,0.9988079,0.1171875,0.006020417,-10.838382,-10.844447,-4.6339693,14.688063,0.16767737,2.5772113e-09,4.558005,1.323369,-38.032024,-95.76878,2.5357442,-37.91174,-95.92462,1.1988734,180000
1.7437165,-7.713352,0.77133524,0.090461046,5.6611776,0.9723813,-5.5048237,1.0,0.9990864,0.24316406,0.0046098167,-11.353351,-11.360966,-3.562787,27.126493,0.48597318,4.916612e-06,5.8981285,-4.126126,98.280655,3.320823,1.4478083,-38.5254,-93.46769,2.4693747,-38.317863,-93.337135,0.81327826,1.7769392,-7.782289,0.7782289,0.10769517,6.8359156,0.9987102,-6.8271,1.0,0.9989052,0.10839844,0.0059430194,-10.774132,-10.780085,-4.6840467,39.60815,0.16098991,6.831223e-10,4.7871203,2.0856338,-37.74197,-93.17576,4.2468476,-37.491344,-92.980034,1.2996521,210000
1.7421415,-7.7198734,0.7719874,0.09209138,5.9095726,0.97015405,-5.7331967,1.0,0.999094,0.27539062,0.0044730185,-11.435838,-11.443627,-3.4660726,16.876127,0.47621495,5.702179e-06,5.9926996,-10.059222,113.36598,3.5772157,3.5435839,-39.525627,-96.32939,5.122635,-39.282875,-96.33998,0.8847722,1.7734928,-7.765851,0.7765851,0.10358575,6.981593,0.99690765,-6.960005,1.0,0.9988613,0.10839844,0.0059399996,-10.911183,-10.917379,-4.572665,37.403336,0.19749369,4.0655983e-08,4.9284573,2.0731537,-39.262733,-99.54982,3.2583313,-39.087738,-100.05696,1.1249268,240000
1.7488887,-7.688778,0.76887786,0.08431752,5.800022,0.9800109,-5.684086,1.0,0.99909115,0.28320312,0.004438186,-11.572519,-11.580464,-3.4439976,60.903088,0.44921255,1.3830063e-06,7.7009764,-6.8469167,117.39517,3.5885878,2.9330232,-39.732048,-92.20236,3.5464475,-39.46479,-94.165695,0.8242257,1.7745999,-7.7735686,0.77735686,0.10551506,7.027805,0.99724305,-7.0084305,1.0,0.9989605,0.109375,0.0059429696,-10.888519,-10.89447,-4.7993803,75.90489,0.17635094,3.987206e-08,5.8895082,1.0994465,-40.704857,-94.41019,3.0615287,-40.523426,-93.47035,1.519979,270000
1.739139,-7.7112837,0.77112836,0.0899439,5.8882203,0.9680106,-5.6998606,1.0,0.9991026,0.2939453,0.0044087595,-11.749687,-11.757832,-3.418202,36.483627,0.55101436,4.048065e-06,4.6074295,-10.263927,110.62729,3.5034223,2.4698727,-39.969177,-93.49825,3.2821546,-39.77144,-93.513245,0.797641,1.7740737,-7.8064127,0.7806413,0.113726206,6.9987626,0.9934324,-6.952799,1.0,0.99875546,0.09765625,0.0062417374,-11.234621,-11.240959,-4.7515726,19.958334,0.19319852,3.2951136e-10,5.215309,3.4126525,-38.4066,-96.65245,4.5820947,-38.357384,-95.88039,1.5770323,300000
1.745513,-7.6925035,0.76925033,0.08524881,5.619709,0.9762627,-5.4863133,1.0,0.9991131,0.27246094,0.0044295276,-11.69704,-11.705154,-3.395725,65.85932,0.5137502,9.3556304e-07,3.5500755,-3.1474645,83.91245,2.9891894,1.9288068,-39.03339,-96.396126,2.7050576,-38.817772,-96.26045,0.8193467,1.7752453,-7.7709827,0.7770983,0.10486868,6.9732304,0.998147,-6.96031,1.0,0.9988699,0.11035156,0.0059522092,-10.963553,-10.969752,-4.6222878,360.8291,0.4107348,2.9709904e-12,5.923171,2.472828,-38.808727,-91.759735,3.4597447,-38.622463,-91.92517,1.4733238,330000
1.7370961,-7.691614,0.76916134,0.08502641,5.696399,0.96793467,-5.5137434,1.0,0.99911594,0.2783203,0.0044924784,-11.768403,-11.776521,-3.4631019,48.93206,0.60917544,1.014621e-07,7.625556,-5.134594,93.70767,3.872307,4.5622234,-40.12966,-95.6986,4.7340345,-39.957153,-96.14261,0.7639096,1.7758677,-7.797442,0.77974415,0.11148343,7.086774,0.99612355,-7.0593033,1.0,0.9988842,0.1015625,0.005933998,-10.972906,-10.979002,-4.735957,8.569052,0.12636968,3.801483e-09,5.69748,3.056509,-38.834293,-93.85857,4.2954845,-38.709824,-93.83429,1.4543767,360000
1.7498269,-7.70953,0.770953,0.0895055,5.7581177,0.9788739,-5.636472,1.0,0.9990883,0.26367188,0.004493561,-11.706076,-11.714158,-3.4369571,115.09722,0.5331104,3.957115e-07,7.882789,-7.9941463,112.58992,4.1472387,1.6251519,-39.925026,-91.630035,2.9018567,-39.775692,-91.59242,0.85564464,1.7753979,-7.7632623,0.77632624,0.10293859,6.985118,0.99907166,-6.978634,1.0,0.99897003,0.12402344,0.005795274,-11.315152,-11.321625,-4.693965,14.441568,0.10863507,1.2449566e-08,5.064227,0.9998108,-39.308083,-96.981346,2.5667067,-39.16133,-97.21782,1.805221,390000
1.7468966,-7.6747303,0.76747304,0.08080557,5.956682,0.9794236,-5.834116,1.0,0.9990978,0.26757812,0.0045640375,-11.6154175,-11.623325,-3.526804,50.605614,0.48413798,4.973014e-07,9.825385,-7.9421215,101.48981,3.4927244,2.4444027,-39.594917,-94.01232,2.7449408,-39.33342,-94.24872,0.8141086,1.772006,-7.725094,0.77250946,0.09339647,6.941504,0.9994966,-6.93801,1.0,0.9990015,0.10839844,0.005835803,-10.974696,-10.980785,-4.745506,50.46694,0.12871352,5.8068608e-09,5.449353,3.2340431,-39.0,-94.79354,4.444394,-38.76399,-93.41265,1.3036292,420000
1.7427378,-7.7079983,0.7707999,0.0891225,5.726573,0.97193784,-5.565874,1.0,0.99909306,0.296875,0.0043242453,-12.022409,-12.030919,-3.316325,147.17488,0.74588096,1.4837074e-05,5.04646,-9.650522,100.781296,3.526494,2.0490928,-41.35874,-98.440796,6.2006087,-41.152985,-95.37877,0.93277055,1.7804008,-7.8102407,0.7810241,0.11468316,6.911958,0.99937665,-6.907651,1.0,0.9989605,0.10644531,0.0058606016,-11.226501,-11.232874,-4.7075877,32.402008,0.13458936,3.99724e-09,5.726674,2.3457267,-39.808876,-93.04657,3.700777,-39.6321,-92.978745,1.6248434,450000
1.742948,-7.66792,0.76679206,0.07910303,5.797597,0.976156,-5.65936,1.0,0.999115,0.2890625,0.004321194,-11.964385,-11.972861,-3.2931466,82.20043,0.5622458,1.3159802e-06,5.134241,-4.208828,95.538895,3.0140624,3.1843495,-39.5902,-95.78621,4.2398663,-39.476494,-94.664795,0.7938997,1.7763023,-7.7792244,0.77792245,0.10692915,7.052351,0.9983799,-7.0409265,1.0,0.99901676,0.07519531,0.0059348023,-11.214962,-11.221259,-4.773604,49.065483,0.19152725,1.527692e-10,6.1867633,2.4737093,-40.585255,-95.89637,4.350074,-40.460617,-96.78352,1.4811428,480000
1.7447789,-7.7017717,0.7701772,0.087565854,5.578409,0.9746016,-5.4367275,1.0,0.9990959,0.2919922,0.0042794086,-12.111275,-12.11995,-3.236641,40.47006,0.5133412,5.289706e-06,4.179178,-5.056479,91.74769,3.222788,2.8114,-39.49959,-94.60356,4.429571,-39.310406,-94.32707,0.82605237,1.7781126,-7.7881255,0.7788125,0.1091543,7.398267,0.99930006,-7.3930893,1.0,0.99897385,0.103515625,0.0059669213,-11.432931,-11.439385,-4.829768,30.253624,0.13334677,3.0509018e-10,7.047326,3.3491888,-43.5138,-98.545135,5.0495033,-43.338425,-99.53572,1.8543911,510000
1.7364464,-7.6816072,0.7681607,0.0825247,5.665867,0.9682856,-5.486178,1.0,0.9991188,0.30859375,0.004331813,-12.028982,-12.037522,-3.2918248,40.235237,0.64901793,7.526394e-10,5.065496,-9.635452,122.027275,3.5552106,2.5770428,-41.167393,-98.74953,3.6917334,-41.077087,-99.70152,0.9588648,1.774956,-7.7639937,0.7763993,0.103121325,7.258319,0.99855673,-7.247844,1.0,0.99897194,0.09375,0.0058858115,-11.257529,-11.263924,-4.715658,502.042,0.49235165,9.0016283e-10,6.131579,2.0739808,-40.224564,-94.767624,4.2685294,-40.05001,-93.356186,1.4701204,540000
1.7441492,-7.6893425,0.76893425,0.08445859,5.9619994,0.97521496,-5.814232,1.0,0.999094,0.2685547,0.004509273,-11.804305,-11.812473,-3.4477742,54.16886,0.58254445,2.9201082e-08,6.352129,-5.91738,103.13342,3.6656938,2.8788495,-42.6417,-96.876434,3.6634436,-42.480087,-96.770325,0.813025,1.7779634,-7.782086,0.7782086,0.10764448,7.1048117,0.9997547,-7.1030703,1.0,0.99897957,0.12597656,0.0059700096,-11.265003,-11.271348,-4.7743964,76.23345,0.20907481,8.111995e-11,5.899932,3.111199,-38.536304,-100.92174,4.461793,-38.36566,-99.54382,1.7559755,570000
1.7362292,-7.6676207,0.7667621,0.079028174,5.6464624,0.96946716,-5.474061,1.0,0.99909115,0.296875,0.0043428713,-12.066141,-12.07475,-3.2603052,37.060703,0.63056433,3.7924485e-07,3.0450401,-5.813271,91.99411,3.5063777,2.4327724,-41.491585,-101.70001,3.2773833,-41.350815,-102.821495,0.78656495,1.7761042,-7.779824,0.77798235,0.10707888,7.3076663,0.9981219,-7.2939425,1.0,0.99893665,0.08105469,0.0063075307,-11.234057,-11.240081,-5.073012,93.48863,0.18482226,2.507565e-10,7.3024597,3.3405833,-41.30171,-96.98431,4.568823,-41.205246,-96.98015,2.0356677,600000
1.7488039,-7.6793475,0.76793474,0.08195982,5.886962,0.9808692,-5.7743406,1.0,0.99911594,0.30078125,0.004266434,-12.281751,-12.290554,-3.2751865,57.79867,0.65196943,1.2991918e-06,7.7123294,-6.4667754,140.52411,4.136333,4.8492203,-40.419384,-98.16603,4.931304,-40.28627,-99.93639,1.0137094,1.7764871,-7.78014,0.77801406,0.10715807,7.4516954,0.99847305,-7.4403176,1.0,0.9989624,0.103515625,0.0060686097,-11.406895,-11.413242,-4.9129257,75.89588,0.22248077,3.1506386e-09,7.267664,2.3269591,-41.430748,-101.78384,3.4990988,-41.417336,-101.432396,1.7532799,630000
1.7389604,-7.6883774,0.7688378,0.08421736,5.834047,0.9701226,-5.6597414,1.0,0.9990864,0.2734375,0.0044734543,-12.166061,-12.174589,-3.4419339,340.4882,0.68551147,6.8625695e-07,7.044187,-11.984703,129.78136,3.406376,3.2653117,-38.957325,-93.82993,4.091433,-38.728607,-93.35628,0.79736435,1.7735136,-7.752082,0.7752082,0.10014337,7.2815623,0.9983054,-7.269224,1.0,0.9989519,0.09863281,0.006143157,-11.401217,-11.407493,-4.9823914,104.561806,0.2621344,3.6504778e-13,6.275147,2.91129,-40.30816,-94.74638,4.800124,-40.03282,-94.7455,2.1497333,660000
1.7437084,-7.695078,0.7695078,0.085892454,5.828637,0.9742005,-5.678262,1.0,0.99911404,0.29589844,0.004429058,-11.88507,-11.893402,-3.3608468,75.07783,0.580778,5.44516e-07,5.8060203,-12.75873,129.03992,4.029892,1.9381685,-41.73558,-92.03572,2.8105068,-41.56069,-92.248726,0.97394776,1.7765019,-7.7697825,0.77697825,0.10456855,7.054306,0.9995237,-7.050947,1.0,0.9989643,0.091796875,0.005976842,-11.284028,-11.29037,-4.7962523,43.85432,0.17449626,6.1748157e-10,8.848782,3.6543932,-39.127884,-96.61345,6.022258,-38.924923,-97.67065,2.4475002,690000
1.7417091,-7.6961975,0.76961976,0.08617236,5.7831655,0.97208935,-5.6217546,1.0,0.999094,0.32128906,0.0042672,-12.445401,-12.454388,-3.2524147,71.35493,0.5744908,2.225284e-08,17.659454,-9.159763,156.32828,3.7313125,3.5921106,-39.23937,-93.486176,4.609671,-39.012657,-90.62817,0.89836067,1.7765505,-7.7734113,0.7773411,0.10547577,7.4107647,0.9992094,-7.4049067,1.0,0.99898624,0.10253906,0.0061130603,-11.2158165,-11.221931,-4.9604807,54.500946,0.22838846,1.7714366e-11,6.425589,3.386252,-39.144917,-100.607376,4.6702614,-39.001194,-100.11418,2.0655487,720000
1.7417543,-7.680194,0.7680194,0.082171455,5.885691,0.973735,-5.731104,1.0,0.99908733,0.27246094,0.0043816725,-12.032953,-12.041454,-3.3365612,48.883842,0.50327253,6.959745e-09,6.967192,-10.787494,124.395645,3.3652894,2.893644,-41.89715,-99.14526,3.9354558,-41.73925,-97.782196,0.8147404,1.778743,-7.7936964,0.7793697,0.11054714,7.387727,0.9993734,-7.3830986,1.0,0.99892235,0.095703125,0.0061747306,-11.429874,-11.43617,-4.9909296,1094.615,1.3711283,4.0937878e-13,8.343019,5.340188,-41.162624,-94.8662,4.7876625,-40.96592,-95.96573,2.8597727,750000
1.7421501,-7.701913,0.7701913,0.08760129,5.8263245,0.97195876,-5.662948,1.0,0.9991045,0.28515625,0.004339415,-12.256072,-12.26479,-3.3379865,62.430843,0.65653205,1.2049882e-08,10.960629,-6.182096,123.68763,3.5733294,2.9738784,-41.199753,-97.70964,3.8704042,-41.026657,-96.89137,0.8883547,1.7790567,-7.7982054,0.77982056,0.11167428,7.5947466,0.9992361,-7.5889454,1.0,0.9990053,0.10839844,0.0059841806,-11.35684,-11.363041,-5.0127773,62.03081,0.12879989,5.914205e-11,9.507273,2.1439347,-41.80873,-94.270805,5.286854,-41.66194,-94.12424,2.5165718,780000
1.7337286,-7.6753507,0.7675351,0.080960624,5.584042,0.9661936,-5.3952665,1.0,0.99912834,0.3095703,0.004220262,-12.53825,-12.5473995,-3.1795993,33.642494,0.65105695,1.7431295e-06,5.473524,-3.4020996,98.09487,3.9168994,2.6940978,-40.568077,-99.22804,4.002172,-40.438084,-101.39896,0.8082696,1.7749212,-7.76416,0.77641606,0.10316304,7.359361,0.99850506,-7.3483605,1.0,0.9989424,0.09472656,0.006152303,-11.461979,-11.468279,-5.017568,30.187805,0.15617666,1.9810156e-10,8.914703,3.1986961,-41.901337,-99.42246,4.866131,-41.820698,-103.31878,3.0346847,810000
1.7443087,-7.673444,0.7673444,0.0804839,5.705749,0.9769643,-5.574314,1.0,0.99911594,0.3017578,0.0043980763,-11.98563,-11.994085,-3.3371406,89.37949,0.62546116,3.1417677e-10,6.421998,-5.058937,106.017334,3.3841653,3.3858418,-41.552162,-95.538086,3.9570656,-41.396805,-93.55993,0.8203273,1.7773379,-7.786198,0.7786198,0.108672515,7.376733,0.9987181,-7.3672776,1.0,0.99897957,0.10546875,0.0060916105,-11.519968,-11.526315,-5.02771,35.780006,0.1315282,1.7830501e-11,11.316917,3.015751,-40.98985,-98.92222,4.924986,-40.788002,-97.94557,3.4342313,840000
1.7355535,-7.6878138,0.7687814,0.08407651,5.6065717,0.966772,-5.4202776,1.0,0.99909306,0.32128906,0.0041838335,-12.450532,-12.459632,-3.1413286,63.641693,0.7239219,3.166077e-06,7.689569,-13.754688,149.41177,3.927473,3.972075,-41.228207,-96.70842,4.850095,-41.060337,-94.89362,0.86266315,1.7769678,-7.779128,0.77791286,0.106904924,7.5118446,0.9990549,-7.504746,1.0,0.9989195,0.080078125,0.0061898595,-11.48176,-11.48803,-5.0675178,44.392212,0.11171466,5.157874e-10,9.020674,3.9183855,-40.94938,-99.28518,4.6302605,-40.71144,-98.636185,2.8571587,870000
1.7327529,-7.6574516,0.7657452,0.07648602,5.8435335,0.9670077,-5.6507425,1.0,0.9990969,0.3017578,0.0042568077,-12.373204,-12.382207,-3.163718,64.9005,0.74636126,4.289161e-07,8.6195965,-6.8528767,106.07422,3.411216,3.6628246,-40.834213,-95.76098,4.049368,-40.57351,-96.05292,0.702544,1.78041,-7.81209,0.781209,0.11514543,7.4544225,0.999201,-7.4484673,1.0,0.9988985,0.1015625,0.006199357,-11.57857,-11.585013,-4.986904,6.738743,0.09983934,1.4987499e-10,9.530481,4.5570583,-42.394955,-93.87587,6.5896635,-42.30108,-95.385605,2.9624689,900000
1.7374586,-7.688746,0.76887465,0.08430949,5.6780376,0.96858394,-5.499657,1.0,0.9991112,0.30078125,0.004257235,-12.679148,-12.688377,-3.2372746,367.05508,0.91913104,2.9200778e-06,4.02117,-8.22511,112.810196,3.4013448,3.5514984,-41.361248,-98.38419,4.2228785,-41.204994,-99.80307,0.8080282,1.7752137,-7.790839,0.7790839,0.10983266,7.453966,0.99612975,-7.4251184,1.0,0.9988594,0.099609375,0.0062064193,-11.584547,-11.591096,-4.884801,26.121305,0.17401324,5.154567e-11,8.022486,4.40256,-40.33071,-98.01986,7.4429836,-40.19311,-97.68368,2.3197722,930000
1.7403483,-7.6705627,0.7670563,0.07976368,5.658472,0.97329205,-5.5073466,1.0,0.9991112,0.33496094,0.004179306,-12.41958,-12.428658,-3.1335173,419.91806,0.85957575,4.0397463e-06,13.9611225,-6.644055,134.32648,3.1141064,1.2220392,-41.778305,-98.07956,3.0364928,-41.720337,-98.4756,0.7459766,1.7764657,-7.766878,0.77668786,0.10384256,7.3939342,0.9997778,-7.392292,1.0,0.9989548,0.10644531,0.006074764,-11.4129305,-11.419278,-4.9199743,38.704247,0.12474361,2.1307322e-08,10.302503,2.6151915,-42.39825,-98.533104,3.827199,-42.260063,-98.52345,3.2159703,960000
1.7376037,-7.6646757,0.7664676,0.07829183,5.6082034,0.97113603,-5.446329,1.0,0.9990978,0.31933594,0.0042131892,-12.696684,-12.706023,-3.141265,41.457546,0.6046039,7.0236155e-07,3.3492882,-7.3951674,98.37356,3.351562,3.3660178,-40.814972,-93.70828,4.225878,-40.6746,-93.875435,0.7320746,1.776561,-7.7716894,0.7771689,0.10504531,7.235756,0.99939215,-7.2313585,1.0,0.9989462,0.109375,0.005917767,-11.443851,-11.450345,-4.8012657,15.805725,0.09706637,6.414709e-10,10.669515,4.614551,-40.87957,-93.97942,6.136449,-40.793175,-94.43848,3.3032997,990000
