training/actor/actor_loss,training/actor/adv,training/actor/bc_log_prob,training/actor/mse,training/actor/std,training/critic/binary_accuracy,training/critic/categorical_accuracy,training/critic/contrastive_loss,training/critic/logits,training/critic/logits_neg,training/critic/logits_pos,training/critic/v_max,training/critic/v_mean,training/critic/v_min,training/grad/max,training/grad/min,training/grad/norm,training/value/binary_accuracy,training/value/categorical_accuracy,training/value/contrastive_loss,training/value/logits,training/value/logits_neg,training/value/logits_pos,training/value/v_max,training/value/v_mean,training/value/v_min,validation/actor/actor_loss,validation/actor/adv,validation/actor/bc_log_prob,validation/actor/mse,validation/actor/std,validation/critic/binary_accuracy,validation/critic/categorical_accuracy,validation/critic/contrastive_loss,validation/critic/logits,validation/critic/logits_neg,validation/critic/logits_pos,validation/critic/v_max,validation/critic/v_mean,validation/critic/v_min,validation/value/binary_accuracy,validation/value/categorical_accuracy,validation/value/contrastive_loss,validation/value/logits,validation/value/logits_neg,validation/value/logits_pos,validation/value/v_max,validation/value/v_mean,validation/value/v_min,step
7.419739,-0.27165934,-7.609063,0.06438875,1.0,0.9990587,0.18066406,0.004996276,-10.206156,-10.212248,-3.9734876,21.10741,0.2828188,6.3176444e-06,0.067740016,-0.055290375,1.117249,0.99906063,0.17675781,0.0050127325,-10.134478,-10.140503,-3.9698038,34.46321,0.31412724,5.0071712e-06,7.5157814,-0.2331722,-7.661025,0.077379175,1.0,0.99870205,0.08691406,0.00622427,-9.89841,-9.903808,-4.375886,167.64938,0.8375387,9.041598e-07,0.99872017,0.06738281,0.0061664265,-9.838427,-9.843694,-4.4500384,45.530685,0.53621554,1.3170009e-06,30000
7.33902,-0.34691262,-7.571875,0.05509172,1.0,0.99906254,0.2109375,0.004951733,-10.470088,-10.476458,-3.9542997,67.102905,0.45495605,3.8127805e-06,0.0586393,-0.061998498,1.171294,0.9990635,0.18261719,0.0050046938,-10.407169,-10.41342,-4.0125484,21.23913,0.3949649,5.319665e-06,7.453208,-0.30672833,-7.650091,0.07464579,1.0,0.9985647,0.09082031,0.0063113933,-10.242059,-10.247808,-4.3611717,91.23531,0.563246,1.1968778e-07,0.99859333,0.0859375,0.0061478037,-10.140624,-10.146243,-4.391967,20.630333,0.38112965,1.534681e-06,60000
7.3701954,-0.3174336,-7.578059,0.056637816,1.0,0.999074,0.20898438,0.004772622,-10.689442,-10.696185,-3.7912006,42.776264,0.3825066,4.0541e-06,0.12003757,-0.062060244,1.2743757,0.9990711,0.21875,0.004802352,-10.647154,-10.653814,-3.8339078,16.867117,0.3406049,7.337323e-06,7.3792586,-0.43498147,-7.6570077,0.07637489,1.0,0.9985485,0.107421875,0.0062397504,-10.611589,-10.617652,-4.4098387,21.240225,0.39061135,1.048822e-09,0.99849415,0.08300781,0.0062098606,-10.550414,-10.556377,-4.450218,64.38869,0.31163007,4.1207647e-07,90000
7.324686,-0.3747057,-7.5702753,0.054691825,1.0,0.9990797,0.25390625,0.0046682684,-10.893617,-10.900641,-3.707872,37.918056,0.38593465,5.0623594e-06,0.067339025,-0.057662748,1.1947541,0.9990835,0.234375,0.0047012554,-10.829766,-10.836704,-3.7329805,61.074295,0.4159994,6.5148943e-06,7.342952,-0.4597539,-7.636574,0.07126637,1.0,0.99876404,0.10644531,0.006121216,-10.406552,-10.412135,-4.695017,17.33222,0.22068831,5.594147e-09,0.9988575,0.09863281,0.0061134174,-10.329443,-10.334935,-4.7119694,151.59299,0.51567096,1.6375262e-08,120000
7.342983,-0.34177548,-7.556593,0.051271085,1.0,0.99909115,0.26660156,0.0046171956,-10.97281,-10.980087,-3.5289927,72.98094,0.6690022,6.776075e-07,0.101020254,-0.10308832,1.2531741,0.99908257,0.23242188,0.0046679894,-10.892382,-10.899548,-3.5622034,74.5714,0.69688785,7.1678835e-07,7.4322443,-0.3861097,-7.659451,0.07698566,1.0,0.9988184,0.11425781,0.005946328,-10.490058,-10.496,-4.4096675,68.2134,0.3377563,6.279312e-09,0.99886036,0.09667969,0.005978984,-10.395972,-10.401755,-4.478843,80.893555,0.41222823,3.3518628e-08,150000
7.3117647,-0.3621543,-7.546812,0.04882589,1.0,0.99908257,0.25976562,0.004586002,-11.11034,-11.117678,-3.603176,66.2757,0.4306599,4.2747074e-06,0.05868149,-0.072023086,1.2180214,0.99907684,0.25,0.0045797573,-11.064294,-11.071593,-3.5973382,282.04776,0.6090255,5.9391355e-06,7.395886,-0.39362442,-7.627988,0.06911992,1.0,0.99889755,0.11621094,0.005762077,-10.68812,-10.694154,-4.5157833,53.881958,0.18528578,7.816254e-08,0.9989033,0.11035156,0.005762346,-10.588018,-10.593881,-4.590828,35.713867,0.14994112,4.7952632e-08,180000
7.240717,-0.45846227,-7.543866,0.048089646,1.0,0.99909496,0.25,0.0046589337,-11.252051,-11.259483,-3.6501951,28.504097,0.42389226,3.6461345e-06,0.09069242,-0.071303956,1.2786877,0.9990883,0.234375,0.004674242,-11.148553,-11.155901,-3.6312475,40.739655,0.48199588,1.2877213e-06,7.386298,-0.503098,-7.6589594,0.07686275,1.0,0.99881935,0.099609375,0.006064937,-10.93494,-10.941124,-4.6104364,60.15329,0.2755608,1.4263827e-13,0.9988222,0.09667969,0.0062575904,-10.785722,-10.791681,-4.689354,81.403,0.62092495,4.1580575e-09,210000
7.311577,-0.36666256,-7.5463486,0.048710153,1.0,0.99908257,0.25195312,0.004499459,-11.351478,-11.359175,-3.47824,21.429363,0.43452132,1.1266613e-06,0.1268077,-0.09590413,1.3290848,0.9990759,0.24414062,0.004589559,-11.307256,-11.314818,-3.5691538,55.883793,0.45404297,1.4297457e-05,7.339759,-0.50573814,-7.637092,0.07139599,1.0,0.9988136,0.10058594,0.0060697193,-10.822636,-10.828753,-4.564601,56.33598,0.31367013,1.9987372e-09,0.9988022,0.095703125,0.006218614,-10.737323,-10.743331,-4.5905986,29.929161,0.37612665,4.8369164e-10,240000
7.3078856,-0.37576097,-7.5474396,0.048982903,1.0,0.9990921,0.2685547,0.0045749177,-11.506199,-11.513954,-3.5721736,35.38201,0.42324996,3.551278e-07,0.06537976,-0.08255789,1.3702338,0.99909496,0.25195312,0.00457166,-11.424841,-11.432518,-3.5710485,26.42,0.39587656,5.8511746e-06,7.28811,-0.57217133,-7.64261,0.07277549,1.0,0.99887276,0.10839844,0.005796709,-10.967198,-10.973531,-4.4893913,26.532835,0.19679716,7.4775014e-10,0.9987955,0.08203125,0.0059866095,-10.821302,-10.827505,-4.4751806,18.74023,0.25570306,1.9701831e-09,270000
7.2855334,-0.39974394,-7.5400424,0.047133565,1.0,0.99909306,0.24609375,0.0045779776,-11.471952,-11.479668,-3.5800986,40.84853,0.47369838,2.6377359e-06,0.055634946,-0.056092225,1.1606826,0.9990959,0.2265625,0.004582963,-11.407318,-11.414961,-3.5895274,23.824259,0.47320986,4.2463876e-06,7.3948436,-0.46194613,-7.6392064,0.07192461,1.0,0.9987459,0.11035156,0.0061170068,-11.07157,-11.07795,-4.5461845,74.30483,0.31727484,1.0355461e-08,0.99873924,0.10058594,0.0063232933,-10.953478,-10.959701,-4.587672,186.75923,0.7319808,8.436774e-09,300000
7.2954054,-0.39595068,-7.5469904,0.04887057,1.0,0.9990988,0.27734375,0.004497032,-11.649021,-11.657075,-3.4115,35.009098,0.58149266,2.3013476e-06,0.05794987,-0.093023606,1.3229339,0.9990883,0.25097656,0.004531591,-11.572306,-11.580253,-3.442265,38.441128,0.57048273,9.595024e-06,7.292598,-0.5943135,-7.6374187,0.07147756,1.0,0.99889946,0.11816406,0.0060240533,-10.928138,-10.934262,-4.662217,263.92136,0.47113046,1.2387819e-11,0.9988098,0.095703125,0.0061071645,-10.844274,-10.85036,-4.619076,32.25164,0.39299476,4.444833e-09,330000
7.297333,-0.39661765,-7.545597,0.04852222,1.0,0.9990978,0.26660156,0.0045490447,-11.620293,-11.628205,-3.525528,102.12493,0.6622944,2.4080282e-09,0.0886863,-0.10844229,1.4345942,0.99909115,0.25585938,0.0045594536,-11.554403,-11.562239,-3.5392852,236.77554,0.7926973,1.6045546e-09,7.269005,-0.6112189,-7.627056,0.06888701,1.0,0.99871635,0.103515625,0.0064751124,-11.250801,-11.257215,-4.690476,218.22687,0.52085257,6.9334144e-10,0.99858856,0.10058594,0.0065983804,-11.133612,-11.13994,-4.659456,45.446247,0.44074103,2.269282e-08,360000
7.323558,-0.3470049,-7.5368466,0.046334706,1.0,0.99907684,0.27734375,0.0044406783,-11.942126,-11.950517,-3.3572538,37.419666,0.66000843,1.2963452e-06,0.0708173,-0.09815119,1.2459109,0.9990673,0.25878906,0.0045100227,-11.855905,-11.864179,-3.391728,40.37366,0.76928234,2.028207e-06,7.278105,-0.61149263,-7.656186,0.076169506,1.0,0.9987488,0.10546875,0.0064622285,-11.059166,-11.065361,-4.7220354,63.190163,0.50548434,6.9140416e-10,0.9988346,0.09863281,0.006163858,-10.990101,-10.996191,-4.7592216,23.895538,0.2540651,8.431432e-09,390000
7.272606,-0.4390479,-7.551655,0.050036766,1.0,0.99907684,0.296875,0.0044377875,-11.722506,-11.730641,-3.4002502,129.01112,0.5503216,1.2518512e-06,0.108166,-0.08256958,1.4005473,0.99907684,0.2734375,0.004403712,-11.5987835,-11.60683,-3.368363,141.53358,0.6274883,3.6946349e-06,7.382043,-0.50866556,-7.652474,0.075241484,1.0,0.9988642,0.14160156,0.0061312527,-11.14528,-11.151693,-4.5835404,239.82372,0.840595,1.5972995e-09,0.9988928,0.12011719,0.0059004705,-11.001568,-11.007757,-4.6704845,40.94215,0.21590145,1.0883705e-09,420000
7.2763534,-0.4163614,-7.5296783,0.044542663,1.0,0.9990959,0.27246094,0.004587312,-11.710007,-11.717977,-3.5577774,52.74487,0.5815909,2.6838645e-06,0.2700603,-0.07285985,1.4536452,0.99908924,0.2529297,0.0046100877,-11.636253,-11.64411,-3.5998132,17.649948,0.4881058,2.9242772e-08,7.351158,-0.5397848,-7.658201,0.0766733,1.0,0.9987879,0.10839844,0.006334915,-11.232475,-11.238923,-4.637058,669.3902,1.0250918,2.40582e-09,0.998662,0.09863281,0.006245972,-11.181423,-11.187769,-4.6887045,15.813474,0.20473179,1.3542305e-09,450000
7.266737,-0.42170817,-7.5310197,0.044877917,1.0,0.99911976,0.2890625,0.004348008,-12.03453,-12.043036,-3.3319566,89.35098,0.57161784,8.3698336e-07,0.1198619,-0.061369862,1.3079324,0.99911785,0.2890625,0.0043584285,-11.898838,-11.907213,-3.3312752,39.237762,0.56781006,7.4694725e-07,7.35629,-0.5700065,-7.659718,0.0770525,1.0,0.9987469,0.10546875,0.006303507,-11.349674,-11.356322,-4.549683,114.72003,0.48231983,8.432149e-11,0.9987087,0.0859375,0.0061318288,-11.279331,-11.2858,-4.6627617,11.249486,0.16907975,3.1526355e-12,480000
7.315806,-0.36285406,-7.54022,0.04717785,1.0,0.9991064,0.28222656,0.0044170287,-11.983654,-11.99208,-3.3646924,36.879128,0.60137844,4.022753e-10,0.1265446,-0.104525045,1.5046529,0.9991007,0.2578125,0.004454118,-11.92347,-11.931791,-3.4105117,175.82487,0.8102277,2.3811386e-07,7.3219776,-0.56208783,-7.6579285,0.07660504,1.0,0.9988146,0.107421875,0.0062787803,-11.113564,-11.119897,-4.6348147,288.9391,0.8621628,3.650899e-11,0.9988041,0.080078125,0.0060606063,-10.960575,-10.966675,-4.720274,30.918377,0.21775666,2.8124847e-09,510000
7.250634,-0.4454047,-7.529393,0.04447133,1.0,0.9991131,0.296875,0.0043971445,-12.209838,-12.218475,-3.3741722,182.48247,0.72244364,1.1715988e-07,0.09821333,-0.18221673,1.5170292,0.9990978,0.2861328,0.0044013727,-12.073407,-12.081926,-3.358132,51.57093,0.62551194,1.993488e-08,7.340809,-0.62878275,-7.667519,0.07900275,1.0,0.9989233,0.10546875,0.0060516577,-11.436677,-11.443178,-4.7861514,108.57295,0.31994706,4.4039786e-10,0.99880505,0.087890625,0.0060016764,-11.327762,-11.33416,-4.7833877,86.34054,0.23553912,1.5617561e-10,540000
7.23985,-0.4654237,-7.5331583,0.045412462,1.0,0.9991121,0.2939453,0.00431195,-12.238409,-12.247172,-3.2740016,236.854,0.78868103,1.7204611e-07,0.12971343,-0.07924958,1.3086483,0.9990883,0.2705078,0.0043603145,-12.119295,-12.127906,-3.3107276,42.493385,0.6412619,6.419192e-07,7.263789,-0.6787834,-7.682606,0.082774565,1.0,0.9988842,0.12207031,0.006153343,-11.305492,-11.311943,-4.7067657,743.88184,1.2106986,1.863728e-09,0.9988966,0.09863281,0.0058966046,-11.224806,-11.23116,-4.725383,17.104704,0.1463213,9.434309e-10,570000
7.307756,-0.37441123,-7.5385227,0.046753652,1.0,0.9991131,0.28125,0.004324838,-11.937983,-11.946456,-3.2703972,50.080055,0.6914932,8.686952e-06,0.083078764,-0.08026191,1.3802314,0.9990921,0.265625,0.004366562,-11.907385,-11.915785,-3.3141341,47.275776,0.62010044,1.3342744e-05,7.1884327,-0.7979522,-7.672261,0.08018822,1.0,0.99892616,0.09277344,0.00622849,-11.462309,-11.468793,-4.829894,388.01605,0.74481905,9.992603e-12,0.9987364,0.07714844,0.006205536,-11.374748,-11.381219,-4.7563596,49.696796,0.26049852,9.925782e-11,600000
7.2654705,-0.43185502,-7.539275,0.046941712,1.0,0.9991064,0.3046875,0.004238764,-12.352763,-12.361738,-3.1712992,66.23289,0.6485682,1.6088061e-06,0.13487244,-0.1744777,1.7258928,0.999094,0.27734375,0.0042592343,-12.249897,-12.258765,-3.1789849,91.5276,0.7082844,4.1847456e-06,7.3082137,-0.6703534,-7.6843195,0.08320284,1.0,0.9988375,0.12109375,0.00623056,-11.276955,-11.283395,-4.688678,98.75423,0.54007965,1.8385752e-09,0.9988375,0.09765625,0.005898965,-11.181149,-11.187555,-4.628653,22.161932,0.13709357,2.5482073e-12,630000
7.301089,-0.3796833,-7.5316224,0.045028597,1.0,0.9991102,0.28027344,0.004470203,-12.071865,-12.080286,-3.456806,35.27725,0.5551643,2.4641105e-07,0.13223872,-0.119159296,1.4330493,0.9991169,0.265625,0.0045030783,-11.980241,-11.988564,-3.4651322,18.104752,0.583224,1.7038658e-06,7.261628,-0.689121,-7.6618395,0.07758279,1.0,0.9989214,0.11621094,0.0061514666,-11.275225,-11.281651,-4.7007356,549.20544,1.3431252,1.893294e-09,0.9987831,0.091796875,0.006081663,-11.126508,-11.132788,-4.7028546,41.152657,0.23894906,6.6572685e-09,660000
7.2242393,-0.4974678,-7.5367384,0.046307527,1.0,0.9991226,0.30371094,0.0044134036,-12.053316,-12.061786,-3.3898757,28.690552,0.5896173,1.2540474e-06,0.100100465,-0.10125712,1.5933363,0.9991226,0.29296875,0.004405203,-11.9596815,-11.96807,-3.3771534,28.488642,0.6169829,3.3473686e-06,7.2815433,-0.6736024,-7.6852307,0.08343072,1.0,0.9988518,0.10546875,0.006346192,-11.35738,-11.363773,-4.8167086,260.3788,0.7484141,1.0605089e-10,0.998785,0.08300781,0.0062632775,-11.194998,-11.201272,-4.7770395,208.82169,0.43790692,1.7550443e-08,690000
7.2547855,-0.44617915,-7.527066,0.043889444,1.0,0.9991064,0.29785156,0.004365043,-12.05546,-12.063986,-3.3332667,72.98557,0.5958116,2.81608e-06,0.098460734,-0.1578591,1.4191542,0.99909496,0.2705078,0.0043912,-11.962936,-11.971323,-3.3832402,54.84117,0.538993,9.123125e-06,7.278623,-0.74599624,-7.6709805,0.07986806,1.0,0.99895,0.11230469,0.006202582,-11.246296,-11.252438,-4.963249,633.75085,1.1458368,7.8748424e-11,0.9988966,0.10058594,0.0059878374,-11.171051,-11.177203,-4.877711,19.338827,0.15183388,5.6514565e-10,720000
7.246673,-0.46170312,-7.5344687,0.04574012,1.0,0.9991045,0.2998047,0.0042821495,-12.363287,-12.37223,-3.2148843,51.10737,0.69645846,4.586236e-06,0.07622699,-0.09541201,1.4301032,0.9991112,0.2734375,0.0043055397,-12.256006,-12.264855,-3.2037206,49.557915,0.7739934,4.4182107e-06,7.260043,-0.74866056,-7.685466,0.08348949,1.0,0.99884605,0.10058594,0.006191208,-11.711511,-11.718357,-4.708223,141.14856,0.57895815,6.3132227e-10,0.99881077,0.09472656,0.006046341,-11.587983,-11.594655,-4.7626305,14.182604,0.1498873,2.0796287e-11,750000
7.2784443,-0.41956478,-7.5378594,0.046587832,1.0,0.99911404,0.32421875,0.004194627,-12.526081,-12.535281,-3.1147065,33.45917,0.6581731,4.885071e-07,0.25072286,-0.24641109,1.854617,0.9990988,0.2998047,0.0042143073,-12.434777,-12.443853,-3.1483731,54.276897,0.6844601,9.684679e-07,7.275136,-0.6981965,-7.6663265,0.078704625,1.0,0.9989557,0.11035156,0.0061688055,-11.377974,-11.384378,-4.8256483,630.08765,0.86216104,3.5791885e-13,0.9988508,0.099609375,0.0060839225,-11.351622,-11.358064,-4.7614784,15.107566,0.21650174,8.2339274e-11,780000
7.207546,-0.51399624,-7.525777,0.043567166,1.0,0.99909306,0.29882812,0.0043212743,-12.239485,-12.248268,-3.2534733,135.81808,0.62100047,6.4890645e-07,0.07831058,-0.08010207,1.3737082,0.99908257,0.2763672,0.004343245,-12.09643,-12.105108,-3.2194324,43.247147,0.63416934,4.7018825e-06,7.3018355,-0.6377997,-7.670355,0.079711586,1.0,0.99888706,0.10839844,0.0062024803,-11.39949,-11.405975,-4.766014,146.72748,0.6175463,9.486691e-14,0.99879456,0.09375,0.006125667,-11.269447,-11.275837,-4.7328253,40.38216,0.23455629,2.0909273e-12,810000
7.220744,-0.508446,-7.5349035,0.0458489,1.0,0.9991045,0.28515625,0.004471929,-12.122831,-12.131325,-3.4329338,58.6044,0.6403053,2.219319e-07,0.0898045,-0.074692875,1.3847251,0.99909496,0.26757812,0.0045095077,-12.031395,-12.039809,-3.4231906,295.06546,0.9991341,3.5114194e-06,7.313582,-0.620187,-7.664736,0.0783069,1.0,0.99897575,0.08105469,0.0062064156,-11.224838,-11.230846,-5.0790124,114.75537,0.45505458,1.3670343e-10,0.99891376,0.068359375,0.006188617,-11.10064,-11.106564,-5.041523,249.29565,0.45440108,4.2791637e-09,840000
7.2967854,-0.38608778,-7.5276318,0.044030875,1.0,0.999115,0.2939453,0.0043548862,-12.130805,-12.139456,-3.2811441,22.836107,0.6254492,6.2900554e-08,0.0772698,-0.078218214,1.4725834,0.99910355,0.2607422,0.0044166883,-12.071413,-12.079903,-3.3872232,28.333778,0.5898156,2.770318e-09,7.3071814,-0.65027356,-7.6773963,0.08147207,1.0,0.9988184,0.1015625,0.006259051,-11.435351,-11.441967,-4.667841,106.57282,0.6576599,6.934271e-11,0.99876213,0.09472656,0.006189375,-11.364304,-11.370805,-4.714181,17.600689,0.28591725,3.8557122e-08,870000
7.21706,-0.4874581,-7.5252786,0.043442607,1.0,0.9991121,0.29589844,0.0042395266,-12.402559,-12.411593,-3.1606317,123.83089,0.8472921,6.612612e-08,0.06890024,-0.066081144,1.2859712,0.999115,0.2890625,0.0042669266,-12.241669,-12.250517,-3.1910334,980.8618,1.6632305,1.2452945e-05,7.198662,-0.7938241,-7.6704493,0.07973536,1.0,0.99893093,0.09765625,0.0062358207,-11.261766,-11.26784,-5.0481133,388.28592,0.56262434,1.1907609e-12,0.99889374,0.09863281,0.006081831,-11.138914,-11.145032,-4.8797154,23.316545,0.17289871,5.0958318e-09,900000
7.245401,-0.458686,-7.528311,0.044200737,1.0,0.99910545,0.2998047,0.004352941,-12.3413515,-12.350179,-3.3115075,39.788864,0.55575174,6.922088e-07,0.07285409,-0.059301943,1.3992388,0.9991026,0.26367188,0.0043941597,-12.314821,-12.323563,-3.3719034,43.940857,0.60261345,5.9924905e-06,7.3879023,-0.6045706,-7.678039,0.081632756,1.0,0.9988451,0.10644531,0.0065777246,-11.323567,-11.329875,-4.871008,143.65065,0.795415,1.7901158e-09,0.99880314,0.08886719,0.006376465,-11.282838,-11.289083,-4.8945317,32.766155,0.4107678,2.4743316e-10,930000
7.165945,-0.55936825,-7.516791,0.0413207,1.0,0.9991293,0.29785156,0.004403241,-12.290892,-12.299577,-3.4066887,53.65637,0.6417833,4.0352606e-06,0.08075275,-0.14072348,1.3520486,0.99911976,0.25585938,0.004424837,-12.167376,-12.175906,-3.440466,24.337927,0.5428951,1.5883973e-06,7.279427,-0.69335127,-7.6753187,0.08095268,1.0,0.99888515,0.1015625,0.006247522,-11.445319,-11.451727,-4.890538,504.2115,1.3877964,1.4762443e-12,0.9988394,0.109375,0.006124968,-11.27119,-11.277476,-4.839547,32.125282,0.30283374,4.6942206e-10,960000
7.300708,-0.3736245,-7.524453,0.0432362,1.0,0.99910736,0.3046875,0.0042022197,-12.560904,-12.570141,-3.112599,54.63565,0.67923725,6.057132e-07,0.081795506,-0.13320953,1.5438586,0.9990902,0.2841797,0.0042524035,-12.456698,-12.465745,-3.2020006,102.35069,0.67177665,3.5944026e-06,7.2765665,-0.70704025,-7.68257,0.082765475,1.0,0.99887085,0.09863281,0.006322462,-11.363419,-11.369817,-4.816929,133.08307,0.44638366,6.9398376e-12,0.99873257,0.076171875,0.006341264,-11.232001,-11.238325,-4.7620573,25.6483,0.278418,9.75144e-10,990000
