training/actor/actor_loss,training/actor/adv,training/actor/bc_log_prob,training/actor/mse,training/actor/std,training/grad/max,training/grad/min,training/grad/norm,training/rep/critic_loss,training/rep/q_max,training/rep/q_mean,training/rep/q_min,training/rep/v_max,training/rep/v_mean,training/rep/v_min,training/rep/value_loss,training/value/eikonal_loss,training/value/td_value_loss,training/value/v_max,training/value/v_mean,training/value/v_min,training/value/value_loss,validation/actor/actor_loss,validation/actor/adv,validation/actor/bc_log_prob,validation/actor/mse,validation/actor/std,validation/rep/critic_loss,validation/rep/q_max,validation/rep/q_mean,validation/rep/q_min,validation/rep/v_max,validation/rep/v_mean,validation/rep/v_min,validation/rep/value_loss,validation/value/eikonal_loss,validation/value/td_value_loss,validation/value/v_max,validation/value/v_mean,validation/value/v_min,validation/value/value_loss,step
264.38193,0.13506842,-7.6668997,0.07884778,1.0,3.583858,-3.4538233,115.79087,1.3112779,0.0,-17.086868,-49.088005,1.1472683,-16.609138,-48.7527,0.1617468,0.23922186,0.24547818,0.64349735,-28.771408,-82.155396,0.48470002,260.9016,0.10806636,-7.7069883,0.08887015,1.0,1.482192,0.23138297,-17.761915,-49.366962,1.7629521,-17.171082,-49.063236,0.19464383,0.23679794,0.24611218,0.382078,-30.54701,-81.9603,0.48291013,30000
269.2149,0.18841887,-7.6192513,0.066935785,1.0,2.4577396,-3.658744,93.640656,1.3538623,0.0,-23.105522,-58.799267,1.294874,-22.59901,-58.26029,0.13937515,0.21402909,0.25047353,0.46520653,-34.823883,-91.04834,0.46450263,277.07004,0.15341213,-7.7101626,0.08966359,1.0,1.5505798,0.0,-21.670515,-58.85416,1.1179246,-21.15612,-58.803703,0.16094543,0.21232428,0.24450633,0.41072956,-32.921127,-92.5874,0.45683062,60000
253.99004,0.15407544,-7.6390905,0.07189564,1.0,2.944417,-2.2594929,78.07587,1.2100577,0.0,-22.687435,-63.374893,1.0665779,-22.223766,-63.10006,0.13426945,0.24419074,0.1884439,0.30964988,-32.45654,-93.462555,0.43263465,270.41327,0.1805349,-7.708147,0.08915971,1.0,1.3382323,0.86315453,-22.941288,-63.043385,1.8411059,-22.472034,-62.6568,0.21238399,0.22701806,0.2410139,0.37338778,-33.328636,-91.54,0.46803194,90000
268.83237,0.15016365,-7.630082,0.06964345,1.0,4.821781,-3.261376,96.31811,1.0788053,0.045442104,-24.553112,-65.52929,1.829319,-24.032276,-65.17874,0.16624841,0.23330355,0.20926899,0.40753916,-34.19607,-92.94272,0.44257253,282.57452,0.17971563,-7.7117085,0.090050116,1.0,1.4493885,0.57981575,-25.017002,-65.95299,1.6818386,-24.534748,-65.65866,0.208253,0.21976192,0.17206496,0.4151584,-35.309464,-92.573425,0.39182687,120000
267.90143,0.1714539,-7.6067953,0.06382184,1.0,3.1192524,-3.241844,88.03987,1.1379349,0.037398577,-25.439074,-66.229164,1.478663,-25.00206,-65.88062,0.13972485,0.1924117,0.25433415,0.3750469,-34.369568,-94.43756,0.44674587,266.2341,0.15648341,-7.7154465,0.09098463,1.0,1.3527977,0.532539,-26.489672,-66.75014,2.6275122,-26.046328,-66.49184,0.17167586,0.20703056,0.19911046,0.4259316,-36.482258,-93.67478,0.40614104,150000
266.27893,0.16079453,-7.610259,0.064687654,1.0,2.5219104,-2.8852413,100.10754,1.2979534,0.0,-26.334324,-66.886986,1.8909483,-25.884491,-66.74621,0.15698814,0.20287119,0.17646083,0.4089387,-35.741966,-95.03537,0.379332,265.44507,0.15982857,-7.6821346,0.08265653,1.0,1.3312658,1.2100651,-24.732365,-67.907875,2.3492541,-24.282524,-67.60796,0.18439943,0.21862441,0.1718372,0.34633565,-33.51895,-95.11786,0.39046162,180000
278.1635,0.16269088,-7.6027503,0.06281053,1.0,2.2706785,-6.2011967,113.61115,1.3300349,0.23782098,-26.176186,-69.923744,1.6118792,-25.72569,-69.62187,0.1457322,0.17609467,0.18090418,0.3907851,-34.67149,-93.52728,0.35699886,262.34424,0.16396555,-7.6978908,0.08659569,1.0,1.414844,1.0631237,-25.745405,-69.129845,2.0898247,-25.288517,-68.90991,0.2458817,0.23261051,0.2116947,0.47815987,-34.52275,-95.14344,0.4443052,210000
253.70111,0.12446099,-7.6113334,0.06495622,1.0,2.6728683,-6.081641,113.59,1.1159478,0.0,-26.024872,-69.82482,1.3291736,-25.63527,-69.52578,0.1284028,0.19252294,0.16267182,0.2940681,-34.749153,-95.34475,0.35519475,284.5227,0.20194954,-7.680907,0.08234968,1.0,1.3900279,1.4173067,-27.540932,-70.34128,2.4402256,-27.073624,-70.03546,0.21044707,0.23170023,0.24210621,0.3728484,-37.057518,-93.86322,0.47380644,240000
251.32594,0.1524077,-7.6181355,0.06665686,1.0,3.4492233,-4.325407,100.14033,1.0300423,0.30006993,-26.17165,-68.99784,1.6913891,-25.718582,-68.5263,0.14537191,0.2005922,0.38567495,0.5302267,-34.526684,-96.8271,0.5862672,260.8699,0.1614649,-7.7036037,0.088023946,1.0,1.8359253,0.43779027,-25.30341,-70.624176,1.8169079,-24.856117,-70.31853,0.29162174,0.34202293,0.29194838,0.34831578,-33.487213,-94.13762,0.63397133,270000
263.23593,0.17376009,-7.60587,0.06359044,1.0,3.4524164,-4.793983,99.27856,1.1855919,0.49190545,-25.919088,-72.280754,1.7401795,-25.477913,-71.993866,0.14774826,0.22917886,0.22476973,0.8881227,-33.98054,-96.32162,0.4539486,275.71625,0.18365568,-7.7039933,0.08812125,1.0,1.3961203,0.9012927,-26.491291,-72.12322,2.5901113,-26.083118,-71.84156,0.21518293,0.24673621,0.20727095,0.5249341,-34.455452,-94.59407,0.45400715,300000
268.15082,0.16808143,-7.597348,0.06146002,1.0,2.9317353,-2.3321393,88.5896,1.017203,0.21646845,-25.481297,-68.92304,1.5691528,-25.05069,-68.60413,0.114039525,0.18494067,0.13984334,0.4730039,-32.827744,-93.60458,0.324784,284.38712,0.1655553,-7.6971407,0.08640812,1.0,1.4504564,0.77056015,-27.391165,-72.9605,1.7995701,-26.988438,-72.46431,0.212063,0.30136046,0.2074641,0.29960608,-35.931526,-96.312904,0.5088246,330000
266.64252,0.17134012,-7.6010756,0.062391877,1.0,6.4063153,-4.904341,119.941895,1.3888233,0.47323847,-28.137215,-72.12831,1.9289837,-27.71177,-71.84316,0.158633,0.19900091,0.22040081,0.5916145,-35.953236,-95.67552,0.4194017,276.43042,0.18235599,-7.661558,0.077512555,1.0,1.5773314,0.50236225,-27.382954,-70.9689,1.5609801,-26.967209,-70.87304,0.20188394,0.26114833,0.24801208,0.42833596,-35.531048,-94.92758,0.5091604,360000
271.8992,0.17518562,-7.607298,0.06394747,1.0,4.133856,-2.5941665,94.93432,1.3036267,1.0495703,-27.049786,-73.95867,2.0369787,-26.582928,-73.69704,0.12138192,0.22905423,0.21113542,0.5220098,-34.971413,-96.05675,0.44018966,257.52185,0.13655731,-7.710947,0.089859635,1.0,1.2894323,0.69727707,-26.395454,-69.72356,2.0234017,-25.967503,-69.31862,0.18695176,0.3206472,0.24879625,0.3155608,-34.247463,-95.40321,0.56944346,390000
270.26624,0.2070709,-7.6240926,0.06814612,1.0,2.318558,-5.035552,95.526276,1.1232758,0.10472405,-26.166927,-72.7747,3.4675217,-25.769197,-72.4706,0.1329212,0.21100225,0.15528667,0.38628387,-33.45885,-94.197845,0.3662889,269.83713,0.19375515,-7.7031517,0.08791079,1.0,1.4200296,0.6414913,-27.898758,-73.29358,2.2055593,-27.469116,-73.03465,0.19776905,0.31430677,0.21756107,0.3843832,-35.518562,-95.89969,0.53186786,420000
263.57446,0.17086858,-7.587576,0.059016794,1.0,14.627493,-3.9409494,130.37613,1.1326535,0.24125767,-27.1081,-72.95147,1.730268,-26.678638,-72.73344,0.14312404,0.26301968,0.20414567,0.31408536,-34.74166,-94.51723,0.46716535,289.66385,0.20248678,-7.6805296,0.08225541,1.0,1.5622184,1.2267785,-27.882912,-72.56114,2.2135656,-27.413906,-72.602516,0.18377192,0.28441796,0.24971206,0.4781633,-36.1994,-96.00908,0.53413004,450000
282.04367,0.18842903,-7.598336,0.06170709,1.0,2.6166048,-3.3138914,92.258545,1.2017365,0.033000946,-27.085224,-73.93361,1.731458,-26.669065,-73.66633,0.12890399,0.18929608,0.1648862,0.32944202,-34.388275,-94.36036,0.3541823,273.3067,0.13418628,-7.6779494,0.08161031,1.0,1.5344753,1.6506228,-28.427315,-73.68948,2.7432704,-27.975239,-73.42296,0.23802246,0.3235497,0.31833717,0.3101782,-36.610146,-96.90822,0.64188683,480000
272.8893,0.21521875,-7.59335,0.06046043,1.0,6.1717496,-7.376757,125.73859,1.5544013,0.0,-26.452087,-71.72156,1.4522533,-26.064037,-71.5107,0.13669783,0.3080173,0.2579186,0.33469415,-33.44981,-95.298706,0.5659359,279.7362,0.21006373,-7.6655245,0.07850408,1.0,1.1471016,0.6822587,-27.416037,-72.50268,2.5583344,-27.005175,-72.219734,0.24426013,0.2115952,0.17652464,0.3807568,-35.197258,-96.1873,0.38811982,510000
263.96396,0.15447223,-7.585624,0.058528952,1.0,3.36611,-3.3896315,90.683304,1.0897973,1.3282707,-28.026451,-72.85654,2.1391816,-27.612392,-72.51392,0.13520744,0.21442911,0.16725859,0.2576903,-34.948723,-96.32598,0.3816877,267.18808,0.18515453,-7.685384,0.083468884,1.0,1.5948939,1.2698529,-28.568098,-72.32092,3.0450249,-28.165487,-72.10336,0.29617798,0.22712499,0.28225353,0.37348032,-36.12233,-96.84126,0.50937855,540000
262.28064,0.16217001,-7.6007137,0.06230141,1.0,3.519023,-2.509468,112.91258,1.0514247,0.10197425,-26.58518,-74.65033,2.0060687,-26.16763,-74.42079,0.12695865,0.2118478,0.17358676,0.45184925,-33.75707,-93.86757,0.38543457,279.54718,0.16078854,-7.7199335,0.09210626,1.0,1.5781066,0.63129604,-28.447426,-72.925125,2.4196072,-28.05465,-72.62668,0.24463665,0.32802147,0.3017881,0.4581399,-36.10813,-96.06456,0.62980956,570000
283.373,0.2006202,-7.584318,0.058202535,1.0,2.6339614,-4.008512,100.842804,1.0982978,0.335595,-26.767294,-74.25003,1.5999832,-26.347528,-73.936646,0.16583377,0.20875554,0.16136833,0.29205889,-33.84498,-96.590805,0.37012386,244.98582,0.13526961,-7.699562,0.087013416,1.0,1.488607,2.1867783,-28.510153,-73.91697,3.1962552,-28.102497,-73.71059,0.20334211,0.20728697,0.19413254,0.35479033,-36.017143,-95.66455,0.40141952,600000
278.64893,0.18960303,-7.5957146,0.06105165,1.0,19.81358,-3.4942293,125.13981,1.0888016,0.9684789,-28.824537,-73.014145,2.1552634,-28.374483,-72.74121,0.16791874,0.22241572,0.15078829,0.3707195,-36.64828,-95.60475,0.373204,271.4749,0.19414562,-7.7089148,0.08935167,1.0,1.4775467,1.4736655,-27.037884,-71.67629,2.3365207,-26.599564,-71.446686,0.201623,0.3379933,0.54128575,0.51635844,-34.391,-97.117256,0.879279,630000
266.046,0.17027986,-7.5937295,0.06055534,1.0,3.1146097,-3.3448923,102.2896,1.0431601,0.8783995,-27.690487,-71.74548,1.5393372,-27.261517,-71.45918,0.13635164,0.21429856,0.2219822,0.45508307,-34.915565,-96.97046,0.43628076,282.12943,0.20823392,-7.697192,0.08642109,1.0,1.4625031,0.67668927,-30.18787,-72.0567,2.2988806,-29.758429,-71.77546,0.2652456,0.27096283,0.28911215,0.39677337,-38.059967,-97.181206,0.560075,660000
279.5466,0.17846355,-7.5923276,0.06020484,1.0,2.3760533,-2.3938208,93.81147,1.0421815,0.34272134,-29.054592,-71.923874,1.7074299,-28.630577,-71.64761,0.12227206,0.20049866,0.15535477,0.47456208,-36.322937,-95.89081,0.35585344,275.2342,0.17459719,-7.711872,0.0900909,1.0,1.6908696,1.4324403,-28.085594,-74.5467,2.6363535,-27.65926,-74.33589,0.23461053,0.26997995,0.22736597,0.29002166,-35.218727,-97.21199,0.49734592,690000
247.69075,0.17622186,-7.59426,0.06068808,1.0,10.146097,-2.9842362,103.65082,1.0596199,1.4949505,-27.084665,-75.040695,2.318077,-26.64149,-74.750435,0.16449372,0.23318532,0.15904921,0.44914502,-33.75533,-97.538315,0.39223453,280.03265,0.16040191,-7.7091074,0.08939977,1.0,1.3448792,1.6083212,-28.896065,-73.403305,2.8411484,-28.4962,-73.13656,0.20983416,0.36015716,0.2741294,0.36867076,-36.584194,-96.42534,0.6342865,720000
261.0927,0.15638056,-7.599857,0.0620872,1.0,3.2925394,-14.83823,112.28912,1.145031,1.6128328,-28.207249,-72.78719,2.024438,-27.780405,-72.50726,0.13955504,0.18612282,0.14093947,0.6112143,-35.109158,-98.33536,0.3270623,284.25333,0.19688693,-7.734258,0.095687404,1.0,1.8260385,1.5906441,-27.86583,-73.15798,2.8930368,-27.434631,-72.88704,0.26052052,0.40579614,0.37291503,0.47698644,-35.358486,-95.73024,0.7787112,750000
267.276,0.18873146,-7.587846,0.059084393,1.0,6.144725,-4.1076865,103.31436,1.0556226,0.15599549,-28.744244,-73.10801,1.8119602,-28.362717,-72.836426,0.14337948,0.193248,0.12918425,0.4825701,-35.96093,-98.29494,0.32243225,277.53943,0.19860803,-7.6926675,0.0852898,1.0,1.6787851,3.2383637,-28.164402,-75.33917,3.246257,-27.727627,-75.05853,0.23203775,0.26161897,0.2835927,0.36330956,-35.360157,-96.42346,0.5452117,780000
257.36945,0.16875902,-7.591316,0.059952,1.0,4.420114,-2.5494986,104.35228,1.1952459,0.0,-28.472984,-75.83342,2.0540843,-28.048939,-75.58905,0.12658635,0.29371622,0.20446065,0.293266,-35.74375,-94.120636,0.49817687,271.27356,0.19407526,-7.6921525,0.085161045,1.0,1.9797426,2.5429924,-28.709692,-73.67126,3.5001388,-28.270727,-73.40438,0.3112514,0.3577353,0.37340978,0.43876296,-35.88221,-95.911545,0.7311451,810000
264.1927,0.18501896,-7.60043,0.06223047,1.0,4.4349065,-3.7862225,114.18843,1.1099954,1.2109265,-29.595642,-76.01149,2.2441225,-29.185123,-75.76614,0.15072933,0.19873686,0.1637738,0.2730497,-37.059174,-97.43781,0.36251068,267.1108,0.15177414,-7.7026033,0.087773845,1.0,1.8290484,1.4245629,-28.446817,-73.88214,2.4771583,-28.065311,-73.8083,0.32870302,0.32248878,0.3557955,0.28816283,-35.55073,-95.63196,0.6782843,840000
273.36163,0.20469391,-7.5763655,0.05621429,1.0,3.055084,-6.1795707,95.330826,1.034169,0.31615663,-27.187836,-75.9256,1.7148604,-26.779913,-75.68131,0.14470315,0.17232072,0.12161574,0.30672663,-33.886086,-97.41979,0.29393646,262.18994,0.17682064,-7.7053175,0.08845228,1.0,1.8723099,2.0000038,-28.17852,-73.886925,4.0923586,-27.764448,-73.7014,0.30420604,0.32763422,0.23124847,0.5999551,-34.78686,-96.85852,0.5588827,870000
289.2163,0.22742632,-7.57741,0.056475475,1.0,2.725943,-2.783574,111.1767,1.9349339,0.6040647,-28.7303,-72.77109,1.6870728,-28.302204,-72.494125,0.12999907,0.21533976,0.2155262,0.4185003,-35.677475,-98.04349,0.43086594,271.99097,0.20265391,-7.704399,0.08822277,1.0,1.8677081,1.8127518,-28.753502,-71.821365,2.7126162,-28.36359,-71.54613,0.3622253,0.3216264,0.302155,0.40206063,-35.927013,-96.54145,0.6237814,900000
274.38895,0.19195358,-7.571578,0.055017456,1.0,6.0791235,-28.462639,150.52682,1.3926115,0.83589447,-28.355381,-74.37566,3.3848634,-27.942663,-74.2992,0.1415985,0.18092994,0.15594436,0.32576948,-34.628426,-95.46643,0.3368743,256.08337,0.13872042,-7.7112703,0.08994064,1.0,1.8852522,0.86082816,-29.546413,-73.020645,2.6521544,-29.107365,-72.75143,0.3441502,0.31417212,0.36468217,0.46912,-36.980724,-95.300385,0.6788543,930000
269.8238,0.19483563,-7.5782013,0.056673203,1.0,3.8254247,-3.320453,107.784355,1.2794048,0.40305126,-29.193752,-75.406334,2.389258,-28.761822,-75.15759,0.13378909,0.21338591,0.13631459,0.5047401,-35.510803,-95.88521,0.3497005,276.18518,0.16571367,-7.7298045,0.094574064,1.0,1.9469455,1.3542628,-29.9217,-75.36045,2.509309,-29.547997,-75.11503,0.3596409,0.36502555,0.4909049,0.25678083,-37.413643,-97.62889,0.85593045,960000
253.17468,0.13982904,-7.5845184,0.058252648,1.0,2.362753,-3.1135616,85.673096,1.0455695,0.6852931,-29.422169,-76.138855,2.1340876,-29.013556,-75.890594,0.13126498,0.21757665,0.16068219,0.40576282,-36.19084,-96.52592,0.37825882,284.32162,0.20521924,-7.704284,0.08819407,1.0,1.5527575,1.1545019,-28.81946,-74.221245,1.875473,-28.424847,-73.96245,0.23787956,0.29034397,0.25952876,0.43550894,-35.680073,-96.36263,0.54987276,990000
