training/actor/actor_loss,training/actor/adv,training/actor/bc_log_prob,training/actor/mse,training/actor/std,training/grad/max,training/grad/min,training/grad/norm,training/rep/critic_loss,training/rep/q_max,training/rep/q_mean,training/rep/q_min,training/rep/v_max,training/rep/v_mean,training/rep/v_min,training/rep/value_loss,training/value/v_max,training/value/v_mean,training/value/v_min,training/value/value_loss,validation/actor/actor_loss,validation/actor/adv,validation/actor/bc_log_prob,validation/actor/mse,validation/actor/std,validation/rep/critic_loss,validation/rep/q_max,validation/rep/q_mean,validation/rep/q_min,validation/rep/v_max,validation/rep/v_mean,validation/rep/v_min,validation/rep/value_loss,validation/value/v_max,validation/value/v_mean,validation/value/v_min,validation/value/value_loss,step
182.34077,6.710619,-7.647624,0.07402906,1.0,4.6103897,-3.7596927,115.53385,1.3554815,0.0,-18.998806,-49.068348,1.5388238,-18.42585,-48.897263,0.18447381,0.5085696,-29.05085,-81.3374,0.2605205,203.65543,6.881802,-7.72406,0.09313795,1.0,1.3765987,0.2822796,-18.280132,-49.496517,1.7567799,-17.749704,-48.596146,0.18945567,0.49400187,-27.959541,-81.54314,0.28898016,30000
202.90483,7.153473,-7.6042624,0.06318855,1.0,1.4695383,-2.567368,81.76734,1.1992795,0.12159598,-20.341286,-58.90751,1.697246,-19.824478,-58.590755,0.14201769,0.36719018,-27.629211,-87.66864,0.24370384,214.06268,7.770277,-7.6863327,0.08370613,1.0,1.4425097,0.79681456,-21.788757,-59.827023,2.0649338,-21.292301,-59.851456,0.19111338,0.49100044,-30.058323,-95.40643,0.28533152,60000
193.51108,6.453478,-7.6029034,0.062848724,1.0,3.6945338,-2.899632,88.189545,1.0094148,0.22297299,-23.7779,-62.88219,1.489502,-23.316044,-62.51001,0.12534975,0.45964786,-30.231892,-91.51581,0.23282483,200.97491,7.8401957,-7.67883,0.081830524,1.0,1.327304,0.8599782,-23.38245,-63.424908,1.9228177,-22.904505,-63.030678,0.19020224,0.34811515,-29.96099,-92.26846,0.260432,90000
187.08002,5.314563,-7.5879755,0.059116907,1.0,7.5358896,-4.024839,116.5068,1.3034738,0.0,-24.404968,-65.58031,2.071716,-23.906322,-65.23482,0.14746259,1.0317991,-27.296196,-93.18604,0.7736683,221.89714,5.8665557,-7.6747317,0.08080588,1.0,1.5215652,0.24281597,-23.76328,-65.09157,1.302638,-23.321556,-65.2513,0.20714614,0.3967778,-26.253721,-91.186714,0.632601,120000
198.91391,4.980877,-7.590718,0.059802447,1.0,3.6619036,-4.1924934,100.23917,1.2264993,0.15508175,-24.902378,-67.82725,1.4931734,-24.433523,-67.506874,0.14221972,0.527054,-20.36594,-99.56061,0.53250825,181.29762,3.7918055,-7.646708,0.0738,1.0,1.5695482,0.07466364,-25.212196,-67.483475,2.064774,-24.735909,-67.0018,0.22614086,0.46487504,-20.928324,-77.36701,0.67770827,150000
219.84991,6.060832,-7.586255,0.058686607,1.0,2.2625952,-2.471463,107.05994,1.1414502,0.0,-22.978432,-67.55229,1.3017988,-22.523827,-67.22392,0.1995735,0.4576915,-21.929447,-116.508896,0.4384467,204.61836,5.156275,-7.6416273,0.072529815,1.0,1.5326153,0.802714,-25.216515,-70.18572,1.8759351,-24.770348,-69.884384,0.21445534,0.4124527,-23.506912,-81.142075,0.6275697,180000
211.5365,5.65366,-7.56821,0.054175455,1.0,5.545311,-4.2090507,106.84292,1.1832244,0.41204393,-24.648296,-69.11258,1.5094658,-24.188057,-68.80214,0.12225327,0.74479663,-24.553421,-146.08948,0.3068112,201.73134,6.587522,-7.664687,0.07829471,1.0,1.2283183,0.15380883,-24.76111,-67.1454,1.7184259,-24.274223,-66.87172,0.17512564,0.48610172,-23.991173,-120.309845,0.32938203,210000
200.12038,5.9619703,-7.5815563,0.057512,1.0,6.4469304,-4.6792073,123.378845,1.163688,0.60371304,-27.293217,-70.67705,1.3196828,-26.874195,-70.61568,0.12263842,0.48218596,-27.871902,-144.83249,0.56534386,211.83061,5.672353,-7.6943173,0.08570227,1.0,1.5341036,0.66014206,-25.885685,-69.92179,1.6989164,-25.45465,-69.94841,0.20332262,0.34669217,-25.669132,-102.74772,0.34574988,240000
190.95622,5.7248087,-7.5718,0.05507292,1.0,2.2493181,-2.0352688,89.64393,1.1325676,0.02722025,-26.308498,-70.13635,1.6334562,-25.872154,-69.96887,0.124054044,0.28765538,-26.417397,-118.751816,0.35257953,217.97289,6.561978,-7.6462374,0.07368231,1.0,1.4692159,0.75667036,-26.04084,-73.05353,1.8556433,-25.623596,-72.800705,0.2053978,0.57994187,-25.656696,-91.197586,0.38321203,270000
200.81342,6.18937,-7.576873,0.05634116,1.0,3.9224234,-4.198116,114.187355,1.4129548,0.90259826,-26.318184,-70.58388,2.2720017,-25.884338,-70.17743,0.1364381,0.3908592,-26.794727,-132.18103,0.4612355,195.12088,5.6847267,-7.686334,0.08370652,1.0,1.5089631,1.1758282,-27.20913,-71.53891,2.5913372,-26.70768,-71.32088,0.21627653,0.6898986,-26.913635,-116.19609,0.52873784,300000
196.1141,6.259656,-7.5693817,0.05446841,1.0,4.8364854,-2.5668926,109.79289,1.1476922,0.2572211,-25.55114,-71.79807,1.8235959,-25.076721,-71.51297,0.13909104,0.37882495,-25.506294,-123.42942,0.39532447,226.20895,7.0692253,-7.6754084,0.08097503,1.0,1.3995037,0.39838743,-25.222157,-72.11379,2.4489095,-24.784485,-71.74231,0.19297117,1.1344641,-24.811796,-95.48723,0.7042265,330000
201.39131,6.2170515,-7.5705714,0.0547658,1.0,2.6647253,-2.7458303,109.19189,1.3863262,0.273129,-27.322922,-72.436165,1.7436721,-26.895527,-72.15115,0.12822244,0.95481396,-27.153347,-123.16585,0.38782462,200.20761,5.73983,-7.6927743,0.0853166,1.0,1.4648509,0.8197756,-26.876036,-73.960976,2.3143444,-26.409748,-73.69255,0.19321015,0.45744097,-26.080685,-109.64914,1.0479844,360000
194.22302,6.6342225,-7.5607967,0.052322134,1.0,3.1078422,-5.236151,101.11655,1.1303155,1.6849885,-26.807543,-71.67622,2.7237089,-26.388897,-71.16093,0.12825887,0.47631404,-26.594696,-120.327705,0.33269617,196.31113,6.332566,-7.681369,0.08246511,1.0,1.2379,1.1684306,-27.589016,-72.807205,2.1909387,-27.138195,-72.458565,0.18824133,0.6070477,-27.164865,-102.78202,0.50444883,390000
190.31699,5.95562,-7.558509,0.05175025,1.0,3.7687435,-2.7633684,106.69153,1.1242299,0.07060599,-27.144926,-72.264786,1.3583841,-26.676546,-71.91181,0.14096645,0.63843024,-27.477846,-121.65115,0.3781029,193.48373,6.046974,-7.6921883,0.08517005,1.0,1.5138817,0.51208067,-28.402182,-73.60487,1.7865152,-27.958145,-73.3452,0.23767136,0.5283338,-27.834438,-105.45027,0.5700969,420000
189.86816,6.5769634,-7.565466,0.05348938,1.0,2.169105,-2.5540662,83.795296,0.98639524,1.5586913,-27.315498,-72.055115,1.4216509,-26.870777,-71.904236,0.123668894,0.4496051,-27.28681,-111.70856,0.33787426,204.81854,6.2361426,-7.6708784,0.07984258,1.0,1.3602867,1.0181301,-27.913754,-73.83925,2.2132258,-27.456028,-72.930046,0.19129716,0.5167598,-27.655281,-113.34358,0.50479597,450000
207.18472,6.7286844,-7.5637636,0.053063914,1.0,3.1634433,-4.260487,99.37569,1.1813157,0.89848506,-26.371437,-74.670425,1.4991026,-25.915733,-74.42534,0.12464119,0.55872804,-26.670406,-110.26778,0.34708908,219.43205,6.812562,-7.6838837,0.08309388,1.0,1.2444084,0.76327205,-27.698765,-71.91758,2.149904,-27.295364,-71.62494,0.18358114,0.71084493,-27.566902,-113.49065,0.3871541,480000
210.14658,7.1865616,-7.560174,0.052166525,1.0,3.3197606,-2.6447754,99.245895,1.0533843,0.934849,-26.735287,-74.53039,1.9122553,-26.3084,-74.38135,0.11456643,0.51678854,-26.533226,-115.448166,0.35540426,213.05945,6.134592,-7.6788063,0.08182454,1.0,1.26994,1.4407704,-27.651249,-70.30065,2.5559437,-27.190823,-69.73471,0.19151595,0.6044288,-26.963997,-100.34378,0.3515268,510000
194.38298,6.620532,-7.551819,0.050077736,1.0,2.5200934,-2.750924,94.58099,1.0346417,0.25914347,-27.394974,-73.90605,1.3396914,-27.008244,-73.60963,0.106675826,0.63216245,-26.577972,-104.43111,0.3718211,218.7438,6.951499,-7.6739397,0.080607876,1.0,1.3484721,1.3218129,-27.806225,-72.28393,2.6224048,-27.4021,-72.5717,0.18173471,0.4366015,-26.86347,-111.62856,0.5050138,540000
198.11569,6.33312,-7.5524626,0.050238594,1.0,2.6167815,-1.9325217,94.33248,1.2605052,0.0,-28.834217,-75.32718,1.4210944,-28.396793,-75.06592,0.14836277,0.7967477,-28.908865,-116.87019,0.4168421,197.71014,6.357596,-7.687296,0.08394697,1.0,1.5401409,0.7448214,-26.917225,-73.42754,3.1407778,-26.51596,-72.4842,0.21176787,0.53524387,-26.327747,-95.88249,1.0226007,570000
188.57452,6.298604,-7.5505905,0.049770698,1.0,4.0161443,-3.9209068,104.24306,1.0310357,0.33984542,-27.24266,-76.22642,1.3514423,-26.840496,-75.98895,0.15309256,0.9953898,-27.360981,-120.5329,0.25656036,215.71634,6.5643663,-7.6685257,0.0792544,1.0,1.472083,1.3399544,-27.301285,-74.64287,3.389029,-26.898884,-74.38313,0.2304107,0.8670514,-26.733437,-110.08635,0.6969856,600000
201.74155,6.8891873,-7.559013,0.051876195,1.0,4.4038258,-2.6898935,96.39143,0.904613,0.5422846,-27.455872,-76.4619,1.9734821,-27.034004,-76.22742,0.13641067,0.8769391,-27.2773,-117.909454,0.48393267,207.9934,6.067884,-7.653342,0.07545839,1.0,1.4907299,1.4224107,-28.040104,-73.85852,2.4830742,-27.627354,-73.48029,0.21680641,0.48522037,-27.724339,-107.84827,0.47473007,630000
209.57748,6.5288506,-7.558511,0.051750585,1.0,2.4254775,-3.1990874,107.33713,1.024859,0.0,-28.256323,-72.70655,1.8851502,-27.848675,-72.48151,0.12582412,0.6764714,-28.349716,-115.31735,0.24457821,216.82767,7.1698003,-7.696682,0.086293526,1.0,1.5331584,1.0711434,-27.85565,-74.97763,2.1756847,-27.410954,-74.71703,0.2357141,0.9036665,-27.335922,-105.3781,0.5029322,660000
204.6566,6.9259377,-7.5456305,0.04853058,1.0,2.829355,-3.4359481,106.36399,1.1659504,0.32405663,-28.06297,-72.89606,1.9914628,-27.639862,-72.613914,0.14208697,0.42036504,-28.562717,-113.80226,0.28796124,200.88046,6.487015,-7.677699,0.08154787,1.0,1.7186463,0.9321431,-28.048391,-73.6034,3.1649642,-27.598373,-73.44501,0.21803933,0.60008025,-27.641373,-103.27691,0.43629563,690000
189.92505,6.7348995,-7.5570965,0.05139719,1.0,2.6744092,-3.0774503,87.64133,0.9839412,0.66392446,-27.950872,-74.23359,1.6508722,-27.575825,-73.862686,0.13246045,0.33923903,-28.200405,-109.91208,0.3175798,220.94229,7.3653665,-7.695821,0.08607825,1.0,1.7785866,1.6886153,-28.07352,-75.53319,3.7712963,-27.613201,-75.29773,0.25811744,0.48145127,-27.41409,-102.5223,0.6336982,720000
201.31522,6.9639835,-7.5504074,0.049724787,1.0,2.602017,-4.631736,86.90292,1.0289233,0.9873506,-27.972036,-73.54324,1.9299412,-27.539618,-73.81078,0.14299223,0.7216481,-28.286077,-114.89027,0.25221944,214.69113,7.3463807,-7.6623964,0.077722155,1.0,1.6197951,1.6231902,-28.709349,-71.663345,2.7956219,-28.324097,-71.36224,0.18086542,0.50403243,-28.519968,-101.81124,0.32688987,750000
174.63951,5.938699,-7.5436106,0.0480256,1.0,2.869854,-2.6821065,99.863525,1.0946674,1.340687,-28.28241,-73.599495,2.8671122,-27.845892,-73.32591,0.11210223,0.77895355,-28.190752,-108.97555,0.4340228,193.90738,6.112092,-7.66862,0.07927799,1.0,1.386128,2.2590108,-29.297056,-76.01153,3.0149007,-28.877775,-75.76822,0.19340515,0.48108885,-28.640137,-105.53929,0.47690058,780000
181.34808,5.894387,-7.5525975,0.050272383,1.0,5.34259,-2.8781977,104.02554,1.088371,0.8991072,-29.841053,-74.20582,1.4613438,-29.384182,-73.93433,0.1520494,0.3237742,-30.135021,-112.778534,0.3622282,194.24522,6.5039268,-7.665622,0.07852851,1.0,1.4426298,2.668831,-29.45552,-75.91868,3.500295,-29.05314,-76.08798,0.19635871,0.46125817,-29.272896,-103.433136,0.37505943,810000
198.75223,7.106136,-7.5564895,0.051245287,1.0,4.0434456,-4.6704817,110.6276,1.1641638,0.38433182,-28.697151,-74.69046,1.2147603,-28.354717,-74.43645,0.11627278,0.51168084,-28.914621,-110.78236,0.41381025,211.29097,7.256386,-7.665251,0.0784356,1.0,1.7698247,1.452527,-28.676117,-77.85932,2.794107,-28.328897,-77.64827,0.26496083,0.41850445,-28.590462,-104.051765,0.48305315,840000
186.84712,6.7201023,-7.546155,0.048661776,1.0,2.3539364,-3.2262096,92.77283,1.0779133,1.369165,-28.54585,-76.36436,2.3993144,-28.129383,-76.13944,0.12440035,0.39398503,-29.05486,-107.65787,0.2529351,193.90579,6.8045125,-7.676228,0.08118003,1.0,2.3706913,2.4519768,-29.144272,-76.5966,3.4916813,-28.746475,-76.35713,0.30836466,0.419727,-29.46317,-102.040695,0.3990256,870000
208.42874,7.163297,-7.5447273,0.048304718,1.0,5.0995646,-6.582792,125.70914,1.3178086,0.030411959,-27.504787,-74.56337,1.9003953,-27.108719,-74.323456,0.11644098,0.51080114,-28.257826,-106.610016,0.4377785,169.85495,5.5784845,-7.6874056,0.08397436,1.0,1.4559542,2.0420625,-30.145557,-75.84415,3.6622753,-29.7448,-75.70599,0.21375519,0.6252001,-30.287384,-103.11813,0.63984704,900000
186.97955,6.339916,-7.5460286,0.04863011,1.0,4.8103127,-2.2851577,107.72141,1.0564553,0.49719036,-28.972992,-75.13014,2.6175852,-28.583513,-74.81772,0.13851336,0.6791582,-29.300907,-107.33522,0.45683616,225.52422,8.09387,-7.673912,0.0806009,1.0,1.5474759,2.3452075,-27.811329,-75.56522,2.871504,-27.392515,-75.33696,0.24988386,0.6678775,-27.885532,-99.70776,0.767303,930000
200.8755,7.201341,-7.5534496,0.050485257,1.0,2.2906523,-2.7105334,92.08788,0.9950744,0.18083763,-28.366072,-76.09224,1.751123,-27.931452,-75.86166,0.13430867,0.6558879,-29.570637,-109.81892,0.27427906,203.69406,7.2179766,-7.6683936,0.07922134,1.0,1.6908267,1.3196435,-28.34121,-75.14511,3.200016,-27.918774,-74.79017,0.25586957,0.8927555,-29.117563,-103.14937,1.5904236,960000
204.18353,7.079885,-7.5490246,0.049379118,1.0,6.036355,-2.9145718,89.65963,1.0474352,0.99706817,-29.240788,-76.12397,1.4574618,-28.869633,-75.67499,0.12674713,0.80452025,-29.930828,-104.10011,0.25746804,208.05899,7.504876,-7.67879,0.08182049,1.0,1.9882455,2.3487487,-27.855354,-75.75139,3.7698157,-27.441324,-75.48372,0.311588,0.55094326,-28.395048,-101.510956,0.5350176,990000
