training/actor/actor_loss,training/actor/adv,training/actor/bc_log_prob,training/actor/mse,training/actor/std,training/grad/max,training/grad/min,training/grad/norm,training/value/eikonal_loss,training/value/td_value_loss,training/value/v_max,training/value/v_mean,training/value/v_min,training/value/value_loss,validation/actor/actor_loss,validation/actor/adv,validation/actor/bc_log_prob,validation/actor/mse,validation/actor/std,validation/value/eikonal_loss,validation/value/td_value_loss,validation/value/v_max,validation/value/v_mean,validation/value/v_min,validation/value/value_loss,step
194.00316,7.856236,-7.6324644,0.07023901,1.0,2.709526,-2.2599792,65.95942,0.32815072,0.24742043,0.36734176,-29.218807,-81.477234,0.5755712,188.6824,7.3302794,-7.6800346,0.082131565,1.0,0.33917454,0.18513918,0.50312746,-31.603598,-81.67893,0.5243137,30000
175.0414,6.595849,-7.599617,0.062027216,1.0,10.422762,-4.297264,81.4798,0.32501313,0.16768007,0.41594893,-34.548225,-89.75673,0.4926932,168.5711,6.3938246,-7.651013,0.07487618,1.0,0.34697872,0.18835998,0.5047579,-33.149624,-89.665405,0.5353387,60000
190.97612,8.913542,-7.604991,0.063370794,1.0,3.7996006,-3.0228448,64.37271,0.3365985,0.22265977,0.3216982,-32.195854,-92.979645,0.5592582,194.04814,7.804425,-7.65836,0.07671307,1.0,0.29554397,0.18035749,0.3814003,-32.571167,-93.2938,0.47590145,90000
161.8035,6.4912004,-7.5926447,0.06028424,1.0,4.2898455,-5.9237065,64.724785,0.34157923,0.2670064,0.3309701,-33.97661,-94.12953,0.6085856,196.75821,8.459515,-7.6686697,0.07929039,1.0,0.29243484,0.20255314,0.55853504,-33.162388,-94.774414,0.49498796,120000
175.86697,7.780284,-7.5746512,0.055785783,1.0,4.6234384,-8.013191,68.636635,0.26401097,0.2240807,0.38312417,-34.403717,-95.934944,0.48809165,180.18176,7.375433,-7.6603518,0.077210926,1.0,0.29034635,0.18956164,0.37099484,-35.131565,-95.411385,0.479908,150000
175.1979,7.672744,-7.5748844,0.055844065,1.0,2.9947662,-4.452299,63.97042,0.26687622,0.18147665,0.32907748,-35.478912,-97.386566,0.44835287,176.02448,6.5079155,-7.651949,0.07511013,1.0,0.32510424,0.23736507,0.2999746,-36.579865,-96.71893,0.5624693,180000
182.41396,7.7554426,-7.5661564,0.053662047,1.0,3.672968,-3.7043376,62.784912,0.24288617,0.19214693,0.38479686,-34.572468,-96.43643,0.43503308,177.83249,7.6747465,-7.6579247,0.07660404,1.0,0.30575037,0.20970267,0.26898104,-35.06382,-95.86361,0.51545304,210000
186.55157,8.677069,-7.5723143,0.05520147,1.0,6.68015,-5.4994607,67.90344,0.2720233,0.15328261,0.23505381,-34.52198,-95.49576,0.4253059,187.61208,7.9152737,-7.649102,0.07439865,1.0,0.2899502,0.1996502,0.3144294,-34.594746,-98.105415,0.4896004,240000
182.66446,8.165948,-7.574274,0.0556914,1.0,3.0206263,-4.658866,71.029655,0.26811352,0.20933987,0.27615723,-34.236458,-97.95894,0.4774534,187.45227,8.212618,-7.661504,0.0774989,1.0,0.30110726,0.26110756,0.2832371,-35.189133,-96.56682,0.56221485,270000
185.06882,8.188349,-7.5597925,0.05207116,1.0,3.126592,-3.6118991,64.318054,0.28100058,0.21438164,0.35883632,-33.55603,-97.454575,0.49538222,173.83203,7.5780134,-7.6606617,0.07728838,1.0,0.23928443,0.19059533,0.33256456,-36.64125,-95.5778,0.42987975,300000
193.57022,8.779493,-7.5647078,0.053300027,1.0,3.0881631,-3.8770466,68.525505,0.24930696,0.13083646,0.52669454,-32.572807,-93.44516,0.3801434,200.78427,7.987848,-7.666599,0.07877267,1.0,0.25217426,0.16898128,0.28805187,-34.748634,-96.262596,0.42115554,330000
171.66545,7.625386,-7.562339,0.052707735,1.0,2.7469807,-5.0013585,65.282745,0.2533477,0.22180042,0.6175442,-35.809906,-96.38705,0.4751481,214.49593,10.109755,-7.6719136,0.08010142,1.0,0.2528855,0.21375442,0.4383026,-32.992092,-95.925415,0.4666399,360000
172.1284,7.612039,-7.556261,0.05118813,1.0,4.9303384,-4.1201267,67.73869,0.27283236,0.17525831,0.31856835,-34.71148,-97.1485,0.44809067,189.78563,8.430955,-7.688386,0.084219575,1.0,0.27207842,0.1815418,0.32203895,-35.758385,-96.349655,0.45362023,390000
197.54105,8.97451,-7.5789895,0.056870356,1.0,12.877629,-5.358065,82.63259,0.26361305,0.16187096,0.2503015,-33.04892,-94.64398,0.425484,215.48128,9.227061,-7.677212,0.08142607,1.0,0.24244492,0.16919373,0.45652255,-33.651608,-96.89265,0.41163865,420000
198.40472,8.580648,-7.555271,0.050940868,1.0,3.6222737,-3.9785228,65.147194,0.3039919,0.16410267,0.46708435,-34.401127,-96.17218,0.4680946,183.32733,7.8434606,-7.687989,0.08412029,1.0,0.27179515,0.16319065,0.46513855,-34.664585,-94.86922,0.43498582,450000
197.71881,8.663322,-7.5566983,0.051297575,1.0,2.1312518,-2.5749435,59.80124,0.270287,0.18221277,0.25105208,-34.00743,-98.03909,0.45249978,192.38145,8.848761,-7.672543,0.08025874,1.0,0.26955855,0.17387769,0.19723648,-35.7086,-95.84942,0.44343624,480000
199.98802,8.525374,-7.559922,0.05210352,1.0,10.314552,-6.960827,100.17474,0.48206288,0.4573186,0.3134016,-33.130455,-96.61809,0.9393815,196.57759,7.620106,-7.6836653,0.083039306,1.0,0.36480728,0.37285256,0.3511886,-33.75078,-94.35036,0.7376598,510000
180.07652,8.076929,-7.5450635,0.048388846,1.0,3.538126,-9.696435,74.1281,0.2844079,0.16576341,0.3410634,-34.66178,-96.938,0.45017132,194.80057,8.231204,-7.6844187,0.08322768,1.0,0.28841588,0.20547555,0.5942639,-34.547874,-96.08789,0.49389142,540000
182.85889,8.297211,-7.562415,0.052726682,1.0,6.8219576,-4.82262,74.20584,0.22819887,0.16151965,0.40507707,-33.452816,-95.2189,0.38971853,171.90163,7.060504,-7.6794405,0.08198318,1.0,0.252923,0.17954876,0.3323316,-36.16131,-98.7666,0.43247175,570000
188.31718,8.76008,-7.559066,0.051889356,1.0,5.594017,-4.9703093,76.81227,0.26887807,0.23130906,0.4524241,-33.512848,-97.58579,0.50018716,173.44812,8.190664,-7.6699524,0.07961108,1.0,0.2752935,0.14918607,0.17839348,-36.77089,-98.24927,0.42447957,600000
170.41391,7.434764,-7.561046,0.052384503,1.0,3.0608988,-4.105229,68.17205,0.28608853,0.18239,0.33682746,-36.29553,-96.58081,0.46847853,195.25256,8.227618,-7.6729846,0.08036914,1.0,0.23339663,0.19368812,0.33979607,-35.48649,-96.28058,0.42708474,630000
171.31053,7.5000153,-7.5560746,0.051141612,1.0,5.732418,-5.612888,73.75466,0.24754763,0.18795606,0.392401,-34.68495,-95.95864,0.4355037,176.209,7.4167905,-7.6767974,0.08132228,1.0,0.25861567,0.14588547,0.34094107,-36.162422,-96.70271,0.40450114,660000
169.09265,7.933099,-7.553794,0.05057148,1.0,6.595201,-6.4994087,89.02698,0.2464516,0.2874822,0.4885298,-35.981907,-96.38097,0.5339338,182.1105,7.8925304,-7.7034435,0.08798381,1.0,0.23084795,0.21889783,0.6472097,-36.190056,-96.45169,0.44974577,690000
189.0315,9.405819,-7.5527763,0.050317116,1.0,3.4845376,-4.586199,66.33264,0.26758668,0.17061973,0.25261492,-33.507477,-97.02218,0.4382064,190.21796,8.733626,-7.689809,0.08457519,1.0,0.24121742,0.15720244,0.38968804,-35.834656,-96.053246,0.39841986,720000
178.96634,8.931099,-7.549389,0.04947024,1.0,5.314149,-4.9403205,78.33028,0.22281002,0.16728385,0.30619764,-34.693542,-97.8055,0.39009386,177.67265,7.2312574,-7.7027125,0.08780111,1.0,0.2993934,0.1774188,0.4200163,-34.667732,-97.22359,0.47681218,750000
196.19485,8.084946,-7.5570383,0.051382516,1.0,17.167637,-7.9016643,97.41112,0.21376956,0.14031637,0.439525,-35.46898,-97.35086,0.35408592,190.83386,8.594208,-7.667993,0.07912128,1.0,0.2401691,0.26738018,0.4668072,-36.112865,-97.101036,0.5075493,780000
175.31715,7.3803697,-7.5444813,0.048243277,1.0,3.0871525,-3.0640538,61.994534,0.33426926,0.1772035,0.51406777,-35.41484,-96.0956,0.51147276,198.84982,8.835451,-7.695115,0.08590169,1.0,0.31949717,0.18642357,0.35091347,-34.218826,-97.64813,0.50592077,810000
185.8258,8.613996,-7.561789,0.052570198,1.0,7.518511,-3.7254763,70.422516,0.22350192,0.15790185,0.2943614,-36.73186,-98.35184,0.38140377,178.4884,8.181744,-7.6610785,0.07739258,1.0,0.33658987,0.1690537,0.2763772,-36.634575,-97.021805,0.5056436,840000
191.03024,9.348574,-7.5459375,0.048607446,1.0,3.3844616,-6.41756,65.93773,0.2094088,0.13735536,0.28676558,-33.570625,-99.2175,0.34676415,183.1117,7.9876423,-7.675596,0.081022,1.0,0.31380853,0.21645996,0.19067806,-35.99282,-98.3302,0.5302685,870000
177.08621,7.918248,-7.549787,0.049569644,1.0,3.8990445,-4.753537,65.47684,0.2513346,0.13763039,0.4413901,-35.3845,-97.786514,0.388965,179.58133,8.639217,-7.6735473,0.08050974,1.0,0.25770733,0.17158121,0.48906973,-35.983315,-97.41943,0.42928854,900000
185.54501,8.476372,-7.54072,0.047302946,1.0,3.2056386,-4.2442856,75.015205,0.20309654,0.19501562,0.20796458,-34.324623,-96.45148,0.39811218,182.7524,7.708861,-7.693995,0.08562164,1.0,0.2710967,0.17777127,0.27569377,-35.45381,-97.591644,0.44886798,930000
174.23903,7.1814566,-7.5457478,0.048559926,1.0,7.2487154,-5.0091686,73.38744,0.27685124,0.16301394,0.36774474,-35.231842,-96.63364,0.43986517,211.97386,10.010116,-7.6803493,0.08221029,1.0,0.23965459,0.16090979,0.37288427,-35.27242,-98.760216,0.40056437,960000
191.76859,8.819897,-7.5455914,0.048520852,1.0,4.48414,-2.901721,65.92535,0.22097366,0.12949264,0.23695788,-35.829285,-97.87929,0.3504663,184.93874,8.242739,-7.673222,0.080428526,1.0,0.2577612,0.23948699,0.20249167,-36.40042,-98.6841,0.4972482,990000
